Domain_Name	Domain_Start	Domain_Finish	p: buttock vs forearm	Domain Type	Domain_Length	20180601_SherrattM_MO_15.raw (Full_Skin_15)	20180601_SherrattM_MO_17.raw (Full_Skin_17)	20180601_SherrattM_MO_19.raw (Full_Skin_19)	20180601_SherrattM_MO_21.raw (Full_Skin_21)	20180601_SherrattM_MO_23.raw (Full_Skin_23)	20180601_SherrattM_MO_25.raw (Full_Skin_25)	20180601_SherrattM_MO_27.raw (Full_Skin_27)	20180601_SherrattM_MO_16.raw (Full_Skin_16)	20180601_SherrattM_MO_18.raw (Full_Skin_18)	20180601_SherrattM_MO_20.raw (Full_Skin_20)	20180601_SherrattM_MO_22.raw (Full_Skin_22)	20180601_SherrattM_MO_24.raw (Full_Skin_24)	20180601_SherrattM_MO_26.raw (Full_Skin_26)	20180601_SherrattM_MO_28.raw (Full_Skin_28)	Diff buttock vs forearm	forearm	buttock	Peptides forearm	Peptides buttock	Original_20180601_SherrattM_MO_15.raw (Full_Skin_15)	Original_20180601_SherrattM_MO_17.raw (Full_Skin_17)	Original_20180601_SherrattM_MO_19.raw (Full_Skin_19)	Original_20180601_SherrattM_MO_21.raw (Full_Skin_21)	Original_20180601_SherrattM_MO_23.raw (Full_Skin_23)	Original_20180601_SherrattM_MO_25.raw (Full_Skin_25)	Original_20180601_SherrattM_MO_27.raw (Full_Skin_27)	Original_20180601_SherrattM_MO_16.raw (Full_Skin_16)	Original_20180601_SherrattM_MO_18.raw (Full_Skin_18)	Original_20180601_SherrattM_MO_20.raw (Full_Skin_20)	Original_20180601_SherrattM_MO_22.raw (Full_Skin_22)	Original_20180601_SherrattM_MO_24.raw (Full_Skin_24)	Original_20180601_SherrattM_MO_26.raw (Full_Skin_26)	Original_20180601_SherrattM_MO_28.raw (Full_Skin_28)	GeneAC
Anaphylatoxin-like 1	36.0	76.0	0.0	DOMAINS	40.0	6.0	8.0	6.0	4.0	5.0	9.0	5.0	3.0	2.0	2.0	3.0	5.0	4.0	0.0	0.075	6.0	3.0	DCSLPYATESK MVQEQCCHSQLEELHCATGISLANEQDR		3.0	3.0	3.0	2.0	2.0	2.0	2.0	5.0	1.0	1.0	3.0	3.0	5.0	0.0	FBLN1_HUMAN
Anaphylatoxin-like 2	77.0	111.0	0.3468	DOMAINS	34.0	2.0	3.0	2.0	0.0	0.0	5.0	3.0	1.0	0.0	0.0	0.0	2.0	2.0	0.0	0.029411764705882353	2.0	1.0	MVQEQCCHSQLEELHCATGISLANEQDR		1.0	1.0	1.0	0.0	0.0	1.0	1.0	2.0	0.0	0.0	0.0	1.0	2.0	0.0	FBLN1_HUMAN
Anaphylatoxin-like 3	112.0	144.0	1.0	DOMAINS	32.0	0.0	0.0	0.0	0.0	0.0	0.0	0.0	0.0	0.0	0.0	0.0	0.0	0.0	0.0	0.0	0.0	0.0			0.0	0.0	0.0	0.0	0.0	0.0	0.0	0.0	0.0	0.0	0.0	0.0	0.0	0.0	FBLN1_HUMAN
EGF-like 1	176.0	215.0	1.0	DOMAINS	39.0	0.0	0.0	0.0	0.0	0.0	0.0	0.0	1.0	0.0	0.0	1.0	0.0	0.0	0.0	0.0	0.0	0.0			0.0	0.0	0.0	0.0	0.0	0.0	0.0	2.0	0.0	0.0	1.0	0.0	0.0	0.0	FBLN1_HUMAN
EGF-like 2; calcium-binding	216.0	261.0	1.0	DOMAINS	45.0	0.0	0.0	0.0	0.0	0.0	0.0	0.0	0.0	0.0	0.0	0.0	0.0	1.0	0.0	0.0	0.0	0.0			0.0	0.0	0.0	0.0	0.0	0.0	0.0	0.0	0.0	0.0	0.0	0.0	1.0	0.0	FBLN1_HUMAN
EGF-like 3; calcium-binding	262.0	307.0	1.0	DOMAINS	45.0	0.0	0.0	0.0	0.0	0.0	0.0	0.0	0.0	0.0	0.0	0.0	0.0	1.0	0.0	0.0	0.0	0.0			0.0	0.0	0.0	0.0	0.0	0.0	0.0	0.0	0.0	0.0	0.0	0.0	1.0	0.0	FBLN1_HUMAN
EGF-like 4; calcium-binding	308.0	355.0	0.1992	DOMAINS	47.0	6.0	5.0	2.0	6.0	8.0	5.0	5.0	4.0	2.0	2.0	4.0	5.0	5.0	4.0	0.02127659574468085	5.0	4.0	GYHLNEEGTR	GYHLNEEGTR	3.0	2.0	1.0	3.0	3.0	1.0	2.0	7.0	1.0	1.0	5.0	3.0	6.0	1.0	FBLN1_HUMAN
EGF-like 5; calcium-binding	356.0	398.0	0.0312	DOMAINS	42.0	6.0	8.0	4.0	8.0	8.0	5.0	3.0	8.0	7.0	8.0	8.0	8.0	9.0	8.0	-0.047619047619047616	6.0	8.0	TGYYFDGISR	TGYYFDGISR	3.0	3.0	2.0	4.0	3.0	1.0	1.0	14.0	3.0	4.0	9.0	5.0	11.0	2.0	FBLN1_HUMAN
EGF-like 6; calcium-binding	399.0	440.0	1.0	DOMAINS	41.0	2.0	3.0	2.0	2.0	3.0	0.0	0.0	1.0	2.0	2.0	2.0	2.0	2.0	0.0	0.0	2.0	2.0			1.0	1.0	1.0	1.0	1.0	0.0	0.0	2.0	1.0	1.0	2.0	1.0	2.0	0.0	FBLN1_HUMAN
EGF-like 7; calcium-binding	441.0	480.0	1.0	DOMAINS	39.0	0.0	0.0	4.0	0.0	0.0	0.0	3.0	2.0	5.0	2.0	2.0	2.0	1.0	0.0	-0.02564102564102564	1.0	2.0	GYQLSDVDGVTCEDIDECALPTGGHICSYR		0.0	0.0	2.0	0.0	0.0	0.0	1.0	3.0	2.0	1.0	2.0	1.0	1.0	0.0	FBLN1_HUMAN
EGF-like 8; calcium-binding	481.0	524.0	1.0	DOMAINS	43.0	0.0	0.0	4.0	0.0	0.0	0.0	3.0	2.0	5.0	2.0	2.0	2.0	1.0	0.0	-0.023255813953488372	1.0	2.0	GYQLSDVDGVTCEDIDECALPTGGHICSYR		0.0	0.0	2.0	0.0	0.0	0.0	1.0	3.0	2.0	1.0	2.0	1.0	1.0	0.0	FBLN1_HUMAN
EGF-like 9; calcium-binding	525.0	578.0	1.0	DOMAINS	53.0	2.0	3.0	0.0	4.0	3.0	5.0	0.0	2.0	2.0	2.0	3.0	3.0	2.0	0.0	0.0	2.0	2.0			1.0	1.0	0.0	2.0	1.0	1.0	0.0	4.0	1.0	1.0	4.0	2.0	3.0	0.0	FBLN1_HUMAN
50Step_Domain_p0_to_50	0.0	50.0	0.0015	50.0 AA STEP	50.0	4.0	5.0	4.0	4.0	5.0	5.0	3.0	2.0	2.0	2.0	3.0	3.0	2.0	0.0	0.04	4.0	2.0	DCSLPYATESK		2.0	2.0	2.0	2.0	2.0	1.0	1.0	3.0	1.0	1.0	3.0	2.0	3.0	0.0	FBLN1_HUMAN
50Step_Domain_p50.0_to_100.0	50.0	100.0	0.0	50.0 AA STEP	50.0	6.0	8.0	6.0	4.0	5.0	9.0	5.0	3.0	2.0	2.0	3.0	5.0	4.0	0.0	0.06	6.0	3.0	DCSLPYATESK MVQEQCCHSQLEELHCATGISLANEQDR		3.0	3.0	3.0	2.0	2.0	2.0	2.0	5.0	1.0	1.0	3.0	3.0	5.0	0.0	FBLN1_HUMAN
50Step_Domain_p100.0_to_150.0	100.0	150.0	1.0	50.0 AA STEP	50.0	0.0	0.0	0.0	0.0	0.0	0.0	0.0	1.0	0.0	0.0	1.0	0.0	0.0	0.0	0.0	0.0	0.0			0.0	0.0	0.0	0.0	0.0	0.0	0.0	2.0	0.0	0.0	1.0	0.0	0.0	0.0	FBLN1_HUMAN
50Step_Domain_p150.0_to_200.0	150.0	200.0	1.0	50.0 AA STEP	50.0	0.0	0.0	0.0	0.0	0.0	0.0	0.0	1.0	0.0	0.0	1.0	0.0	0.0	0.0	0.0	0.0	0.0			0.0	0.0	0.0	0.0	0.0	0.0	0.0	2.0	0.0	0.0	1.0	0.0	0.0	0.0	FBLN1_HUMAN
50Step_Domain_p200.0_to_250.0	200.0	250.0	1.0	50.0 AA STEP	50.0	0.0	0.0	0.0	0.0	0.0	0.0	0.0	0.0	0.0	0.0	0.0	0.0	1.0	0.0	0.0	0.0	0.0			0.0	0.0	0.0	0.0	0.0	0.0	0.0	0.0	0.0	0.0	0.0	0.0	1.0	0.0	FBLN1_HUMAN
50Step_Domain_p250.0_to_300.0	250.0	300.0	1.0	50.0 AA STEP	50.0	0.0	0.0	0.0	0.0	0.0	0.0	0.0	0.0	0.0	0.0	0.0	0.0	1.0	0.0	0.0	0.0	0.0			0.0	0.0	0.0	0.0	0.0	0.0	0.0	0.0	0.0	0.0	0.0	0.0	1.0	0.0	FBLN1_HUMAN
50Step_Domain_p300.0_to_350.0	300.0	350.0	0.09	50.0 AA STEP	50.0	4.0	3.0	2.0	2.0	5.0	5.0	5.0	1.0	2.0	2.0	2.0	2.0	2.0	4.0	0.04	4.0	2.0	GYHLNEEGTR	GYHLNEEGTR	2.0	1.0	1.0	1.0	2.0	1.0	2.0	2.0	1.0	1.0	2.0	1.0	2.0	1.0	FBLN1_HUMAN
50Step_Domain_p350.0_to_400.0	350.0	400.0	1.0	50.0 AA STEP	50.0	10.0	10.0	6.0	10.0	13.0	9.0	8.0	9.0	9.0	10.0	9.0	10.0	10.0	12.0	-0.02	9.0	10.0	GYHLNEEGTR TGYYFDGISR	GYHLNEEGTR TGYYFDGISR	5.0	4.0	3.0	5.0	5.0	2.0	3.0	16.0	4.0	5.0	11.0	6.0	13.0	3.0	FBLN1_HUMAN
50Step_Domain_p400.0_to_450.0	400.0	450.0	1.0	50.0 AA STEP	50.0	2.0	3.0	2.0	2.0	3.0	0.0	0.0	1.0	2.0	2.0	2.0	2.0	2.0	0.0	0.0	2.0	2.0			1.0	1.0	1.0	1.0	1.0	0.0	0.0	2.0	1.0	1.0	2.0	1.0	2.0	0.0	FBLN1_HUMAN
50Step_Domain_p450.0_to_500.0	450.0	500.0	1.0	50.0 AA STEP	50.0	0.0	0.0	4.0	0.0	0.0	0.0	3.0	2.0	5.0	2.0	2.0	2.0	1.0	0.0	-0.02	1.0	2.0	GYQLSDVDGVTCEDIDECALPTGGHICSYR		0.0	0.0	2.0	0.0	0.0	0.0	1.0	3.0	2.0	1.0	2.0	1.0	1.0	0.0	FBLN1_HUMAN
50Step_Domain_p500.0_to_550.0	500.0	550.0	1.0	50.0 AA STEP	50.0	0.0	0.0	0.0	0.0	0.0	0.0	0.0	0.0	0.0	0.0	0.0	0.0	0.0	0.0	0.0	0.0	0.0			0.0	0.0	0.0	0.0	0.0	0.0	0.0	0.0	0.0	0.0	0.0	0.0	0.0	0.0	FBLN1_HUMAN
50Step_Domain_p550.0_to_600.0	550.0	600.0	1.0	50.0 AA STEP	50.0	2.0	3.0	0.0	4.0	3.0	5.0	0.0	3.0	2.0	2.0	4.0	3.0	3.0	0.0	0.0	2.0	2.0			1.0	1.0	0.0	2.0	1.0	1.0	0.0	5.0	1.0	1.0	5.0	2.0	4.0	0.0	FBLN1_HUMAN
50Step_Domain_p600.0_to_650.0	600.0	650.0	1.0	50.0 AA STEP	50.0	6.0	3.0	6.0	6.0	3.0	0.0	8.0	4.0	5.0	6.0	4.0	3.0	4.0	12.0	0.0	5.0	5.0	EFTRPEEIIFLR	AITPPHPASQANIIFDITEGNLR EFTRPEEIIFLR	3.0	1.0	3.0	3.0	1.0	0.0	3.0	7.0	2.0	3.0	5.0	2.0	5.0	3.0	FBLN1_HUMAN
50Step_Domain_p650.0_to_700.0	650.0	700.0	1.0	50.0 AA STEP	50.0	0.0	0.0	0.0	0.0	0.0	0.0	0.0	2.0	0.0	0.0	1.0	0.0	1.0	0.0	-0.02	0.0	1.0			0.0	0.0	0.0	0.0	0.0	0.0	0.0	4.0	0.0	0.0	1.0	0.0	1.0	0.0	FBLN1_HUMAN
50Step_Domain_p700.0_to_703.0	700.0	703.0	1.0	50.0 AA STEP	3.0	0.0	0.0	0.0	0.0	0.0	0.0	0.0	0.0	0.0	0.0	0.0	0.0	0.0	0.0	0.0	0.0	0.0			0.0	0.0	0.0	0.0	0.0	0.0	0.0	0.0	0.0	0.0	0.0	0.0	0.0	0.0	FBLN1_HUMAN
50Step_Domain_p0_to_50	0.0	50.0	1.0	50.0 AA STEP	50.0	5.0	6.0	6.0	4.0	7.0	6.0	7.0	5.0	5.0	3.0	7.0	5.0	8.0	7.0	0.0	6.0	6.0	EISPDTTLLDLQNNDISELR EISPDTTLLDLQNNDISELRK SVPKEISPDTTLLDLQNNDISELR VVQCSDLGLK	EISPDTTLLDLQNNDISELR EISPDTTLLDLQNNDISELRK SVPKEISPDTTLLDLQNNDISELR	6.0	7.0	11.0	4.0	4.0	5.0	6.0	2.0	2.0	1.0	2.0	2.0	4.0	3.0	A6NLG9_HUMAN
50Step_Domain_p50.0_to_100.0	50.0	100.0	0.0	50.0 AA STEP	50.0	10.0	10.0	9.0	9.0	7.0	12.0	9.0	5.0	5.0	5.0	4.0	3.0	2.0	7.0	0.1	9.0	4.0	NHLVEIPPNLPSSLVELR	NHLVEIPPNLPSSLVELR	13.0	11.0	16.0	9.0	4.0	9.0	8.0	2.0	2.0	2.0	1.0	1.0	1.0	3.0	A6NLG9_HUMAN
50Step_Domain_p100.0_to_150.0	100.0	150.0	0.0	50.0 AA STEP	50.0	10.0	10.0	9.0	10.0	7.0	12.0	10.0	5.0	7.0	5.0	7.0	3.0	2.0	7.0	0.1	10.0	5.0	NHLVEIPPNLPSSLVELR NMNCIEMGGNPLENSGFEPGAFDGLK	NHLVEIPPNLPSSLVELR	13.0	11.0	16.0	10.0	4.0	9.0	9.0	2.0	3.0	2.0	2.0	1.0	1.0	3.0	A6NLG9_HUMAN
50Step_Domain_p150.0_to_200.0	150.0	200.0	0.011899999999999999	50.0 AA STEP	50.0	8.0	8.0	7.0	9.0	10.0	5.0	6.0	12.0	10.0	11.0	7.0	11.0	10.0	10.0	-0.04	8.0	10.0	DLPETLNELHLDHNK DLPETLNELHLDHNKIQAIELEDLLR IQAIELEDLLR LGLGHNQIR	DLPETLNELHLDHNK IQAIELEDLLR LGLGHNQIR	10.0	9.0	12.0	9.0	6.0	4.0	5.0	5.0	4.0	4.0	2.0	4.0	5.0	4.0	A6NLG9_HUMAN
50Step_Domain_p200.0_to_250.0	200.0	250.0	0.054599999999999996	50.0 AA STEP	50.0	2.0	2.0	1.0	2.0	3.0	3.0	2.0	2.0	5.0	5.0	4.0	5.0	4.0	5.0	-0.04	2.0	4.0	LGLGHNQIR	LGLGHNQIR	2.0	2.0	2.0	2.0	2.0	2.0	2.0	1.0	2.0	2.0	1.0	2.0	2.0	2.0	A6NLG9_HUMAN
50Step_Domain_p250.0_to_300.0	250.0	300.0	0.32689999999999997	50.0 AA STEP	50.0	2.0	1.0	1.0	2.0	2.0	1.0	2.0	2.0	2.0	5.0	4.0	5.0	4.0	0.0	-0.02	2.0	3.0	VGVNDFCPMGFGVK		2.0	1.0	2.0	2.0	1.0	1.0	2.0	1.0	1.0	2.0	1.0	2.0	2.0	0.0	A6NLG9_HUMAN
50Step_Domain_p300.0_to_307.0	300.0	307.0	1.0	50.0 AA STEP	7.0	0.0	0.0	0.0	0.0	0.0	0.0	0.0	0.0	0.0	0.0	0.0	0.0	0.0	0.0	0.0	0.0	0.0			0.0	0.0	0.0	0.0	0.0	0.0	0.0	0.0	0.0	0.0	0.0	0.0	0.0	0.0	A6NLG9_HUMAN
50Step_Domain_p0_to_50	0.0	50.0	1.0	50.0 AA STEP	50.0	0.0	0.0	0.0	0.0	0.0	0.0	0.0	0.0	0.0	0.0	0.0	0.0	0.0	0.0	0.0	0.0	0.0			0.0	0.0	0.0	0.0	0.0	0.0	0.0	0.0	0.0	0.0	0.0	0.0	0.0	0.0	A8K7E0_HUMAN
50Step_Domain_p50.0_to_100.0	50.0	100.0	1.0	50.0 AA STEP	50.0	5.0	6.0	6.0	4.0	7.0	6.0	7.0	5.0	5.0	3.0	7.0	5.0	8.0	7.0	0.0	6.0	6.0	EISPDTTLLDLQNNDISELR EISPDTTLLDLQNNDISELRK SVPKEISPDTTLLDLQNNDISELR VVQCSDLGLK	EISPDTTLLDLQNNDISELR EISPDTTLLDLQNNDISELRK SVPKEISPDTTLLDLQNNDISELR	6.0	7.0	11.0	4.0	4.0	5.0	6.0	2.0	2.0	1.0	2.0	2.0	4.0	3.0	A8K7E0_HUMAN
50Step_Domain_p100.0_to_150.0	100.0	150.0	0.0	50.0 AA STEP	50.0	13.0	14.0	15.0	12.0	11.0	15.0	13.0	7.0	7.0	5.0	7.0	5.0	8.0	15.0	0.1	13.0	8.0	EISPDTTLLDLQNNDISELR EISPDTTLLDLQNNDISELRK NHLVEIPPNLPSSLVELR SVPKEISPDTTLLDLQNNDISELR	EISPDTTLLDLQNNDISELR EISPDTTLLDLQNNDISELRK NHLVEIPPNLPSSLVELR SVPKEISPDTTLLDLQNNDISELR	17.0	16.0	25.0	12.0	7.0	12.0	12.0	3.0	3.0	2.0	2.0	2.0	4.0	6.0	A8K7E0_HUMAN
50Step_Domain_p150.0_to_200.0	150.0	200.0	0.0	50.0 AA STEP	50.0	10.0	10.0	9.0	10.0	7.0	12.0	10.0	5.0	7.0	5.0	7.0	3.0	2.0	7.0	0.1	10.0	5.0	NHLVEIPPNLPSSLVELR NMNCIEMGGNPLENSGFEPGAFDGLK	NHLVEIPPNLPSSLVELR	13.0	11.0	16.0	10.0	4.0	9.0	9.0	2.0	3.0	2.0	2.0	1.0	1.0	3.0	A8K7E0_HUMAN
50Step_Domain_p200.0_to_250.0	200.0	250.0	1.0	50.0 AA STEP	50.0	7.0	6.0	6.0	8.0	7.0	3.0	4.0	10.0	7.0	5.0	7.0	5.0	6.0	5.0	0.0	6.0	6.0	DLPETLNELHLDHNK DLPETLNELHLDHNKIQAIELEDLLR IQAIELEDLLR NMNCIEMGGNPLENSGFEPGAFDGLK	DLPETLNELHLDHNK IQAIELEDLLR	9.0	7.0	11.0	8.0	4.0	2.0	4.0	4.0	3.0	2.0	2.0	2.0	3.0	2.0	A8K7E0_HUMAN
50Step_Domain_p250.0_to_300.0	250.0	300.0	0.0008	50.0 AA STEP	50.0	5.0	4.0	3.0	4.0	7.0	5.0	4.0	10.0	7.0	8.0	7.0	11.0	6.0	7.0	-0.06	5.0	8.0	DLPETLNELHLDHNKIQAIELEDLLR IQAIELEDLLR LGLGHNQIR	IQAIELEDLLR LGLGHNQIR	6.0	5.0	5.0	4.0	4.0	4.0	4.0	4.0	3.0	3.0	2.0	4.0	3.0	3.0	A8K7E0_HUMAN
50Step_Domain_p300.0_to_350.0	300.0	350.0	0.4096	50.0 AA STEP	50.0	2.0	1.0	1.0	2.0	2.0	1.0	2.0	2.0	2.0	5.0	4.0	5.0	4.0	0.0	-0.02	2.0	3.0	VGVNDFCPMGFGVK		2.0	1.0	2.0	2.0	1.0	1.0	2.0	1.0	1.0	2.0	1.0	2.0	2.0	0.0	A8K7E0_HUMAN
50Step_Domain_p350.0_to_368.0	350.0	368.0	1.0	50.0 AA STEP	18.0	0.0	0.0	0.0	0.0	0.0	0.0	0.0	0.0	0.0	0.0	0.0	0.0	0.0	0.0	0.0	0.0	0.0			0.0	0.0	0.0	0.0	0.0	0.0	0.0	0.0	0.0	0.0	0.0	0.0	0.0	0.0	A8K7E0_HUMAN
50Step_Domain_p0_to_50	0.0	50.0	1.0	50.0 AA STEP	50.0	2.0	2.0	2.0	2.0	2.0	4.0	3.0	2.0	5.0	3.0	4.0	3.0	2.0	2.0	-0.02	2.0	3.0	SVPKEISPDTTLLDLQNNDISELR VVQCSDLGLK	SVPKEISPDTTLLDLQNNDISELR	2.0	2.0	4.0	2.0	1.0	3.0	3.0	1.0	2.0	1.0	1.0	1.0	1.0	1.0	B4DDQ2_HUMAN
50Step_Domain_p50.0_to_100.0	50.0	100.0	1.0	50.0 AA STEP	50.0	4.0	4.0	6.0	3.0	5.0	4.0	4.0	2.0	2.0	0.0	4.0	3.0	6.0	7.0	0.02	4.0	3.0	EISPDTTLLDLQNNDISELR EISPDTTLLDLQNNDISELRK SVPKEISPDTTLLDLQNNDISELR	EISPDTTLLDLQNNDISELR EISPDTTLLDLQNNDISELRK SVPKEISPDTTLLDLQNNDISELR	5.0	5.0	10.0	3.0	3.0	3.0	4.0	1.0	1.0	0.0	1.0	1.0	3.0	3.0	B4DDQ2_HUMAN
50Step_Domain_p100.0_to_150.0	100.0	150.0	0.0	50.0 AA STEP	50.0	11.0	10.0	10.0	10.0	7.0	12.0	10.0	5.0	7.0	5.0	7.0	3.0	2.0	7.0	0.1	10.0	5.0	NHLVEIPPNLPSSLVELR NMNCIEMGGNPLENSGFEPGAFDGLK	NHLVEIPPNLPSSLVELR	14.0	11.0	17.0	10.0	4.0	9.0	9.0	2.0	3.0	2.0	2.0	1.0	1.0	3.0	B4DDQ2_HUMAN
50Step_Domain_p150.0_to_200.0	150.0	200.0	1.0	50.0 AA STEP	50.0	5.0	5.0	6.0	7.0	5.0	1.0	3.0	7.0	5.0	3.0	4.0	3.0	4.0	2.0	0.02	5.0	4.0	DLPETLNELHLDHNK DLPETLNELHLDHNKIQAIELEDLLR NMNCIEMGGNPLENSGFEPGAFDGLK	DLPETLNELHLDHNK	7.0	6.0	10.0	7.0	3.0	1.0	3.0	3.0	2.0	1.0	1.0	1.0	2.0	1.0	B4DDQ2_HUMAN
50Step_Domain_p200.0_to_250.0	200.0	250.0	0.027299999999999998	50.0 AA STEP	50.0	8.0	8.0	7.0	9.0	10.0	5.0	6.0	12.0	10.0	11.0	7.0	11.0	10.0	10.0	-0.04	8.0	10.0	DLPETLNELHLDHNK DLPETLNELHLDHNKIQAIELEDLLR IQAIELEDLLR LGLGHNQIR	DLPETLNELHLDHNK IQAIELEDLLR LGLGHNQIR	10.0	9.0	12.0	9.0	6.0	4.0	5.0	5.0	4.0	4.0	2.0	4.0	5.0	4.0	B4DDQ2_HUMAN
50Step_Domain_p250.0_to_300.0	250.0	300.0	0.48369999999999996	50.0 AA STEP	50.0	2.0	1.0	1.0	2.0	2.0	1.0	2.0	2.0	2.0	5.0	4.0	5.0	4.0	0.0	-0.02	2.0	3.0	VGVNDFCPMGFGVK		2.0	1.0	2.0	2.0	1.0	1.0	2.0	1.0	1.0	2.0	1.0	2.0	2.0	0.0	B4DDQ2_HUMAN
50Step_Domain_p300.0_to_334.0	300.0	334.0	1.0	50.0 AA STEP	34.0	0.0	0.0	0.0	0.0	0.0	0.0	0.0	0.0	0.0	0.0	0.0	0.0	0.0	0.0	0.0	0.0	0.0			0.0	0.0	0.0	0.0	0.0	0.0	0.0	0.0	0.0	0.0	0.0	0.0	0.0	0.0	B4DDQ2_HUMAN
LRR 1	82.0	102.0	1.0	REPEAT	20.0	3.0	4.0	4.0	2.0	5.0	3.0	3.0	2.0	0.0	0.0	4.0	3.0	6.0	5.0	0.0	3.0	3.0	EISPDTTLLDLQNNDISELR EISPDTTLLDLQNNDISELRK	EISPDTTLLDLQNNDISELR EISPDTTLLDLQNNDISELRK	4.0	5.0	7.0	2.0	3.0	2.0	3.0	1.0	0.0	0.0	1.0	1.0	3.0	2.0	PGS1_HUMAN
LRR 2	103.0	126.0	1.0	REPEAT	23.0	3.0	4.0	5.0	3.0	5.0	4.0	4.0	2.0	2.0	0.0	4.0	3.0	6.0	7.0	0.043478260869565216	4.0	3.0	EISPDTTLLDLQNNDISELR EISPDTTLLDLQNNDISELRK SVPKEISPDTTLLDLQNNDISELR	EISPDTTLLDLQNNDISELR EISPDTTLLDLQNNDISELRK SVPKEISPDTTLLDLQNNDISELR	4.0	5.0	9.0	3.0	3.0	3.0	4.0	1.0	1.0	0.0	1.0	1.0	3.0	3.0	PGS1_HUMAN
LRR 3	127.0	150.0	0.0	REPEAT	23.0	10.0	10.0	9.0	9.0	7.0	12.0	9.0	5.0	5.0	5.0	4.0	3.0	2.0	7.0	0.21739130434782608	9.0	4.0	NHLVEIPPNLPSSLVELR	NHLVEIPPNLPSSLVELR	13.0	11.0	16.0	9.0	4.0	9.0	8.0	2.0	2.0	2.0	1.0	1.0	1.0	3.0	PGS1_HUMAN
LRR 4	151.0	171.0	0.0	REPEAT	20.0	9.0	10.0	9.0	9.0	7.0	12.0	9.0	5.0	5.0	5.0	4.0	3.0	2.0	7.0	0.25	9.0	4.0	NHLVEIPPNLPSSLVELR	NHLVEIPPNLPSSLVELR	12.0	11.0	15.0	9.0	4.0	9.0	8.0	2.0	2.0	2.0	1.0	1.0	1.0	3.0	PGS1_HUMAN
LRR 5	172.0	195.0	1.0	REPEAT	23.0	1.0	0.0	1.0	1.0	0.0	0.0	1.0	0.0	2.0	0.0	4.0	0.0	0.0	0.0	0.0	1.0	1.0	NMNCIEMGGNPLENSGFEPGAFDGLK		1.0	0.0	1.0	1.0	0.0	0.0	1.0	0.0	1.0	0.0	1.0	0.0	0.0	0.0	PGS1_HUMAN
LRR 6	196.0	220.0	1.0	REPEAT	24.0	1.0	0.0	1.0	1.0	0.0	0.0	1.0	0.0	2.0	0.0	4.0	0.0	0.0	0.0	0.0	1.0	1.0	NMNCIEMGGNPLENSGFEPGAFDGLK		1.0	0.0	1.0	1.0	0.0	0.0	1.0	0.0	1.0	0.0	1.0	0.0	0.0	0.0	PGS1_HUMAN
LRR 7	221.0	241.0	1.0	REPEAT	20.0	6.0	6.0	6.0	7.0	7.0	3.0	3.0	10.0	5.0	5.0	4.0	5.0	6.0	5.0	-0.05	5.0	6.0	DLPETLNELHLDHNK DLPETLNELHLDHNKIQAIELEDLLR IQAIELEDLLR	DLPETLNELHLDHNK IQAIELEDLLR	8.0	7.0	10.0	7.0	4.0	2.0	3.0	4.0	2.0	2.0	1.0	2.0	3.0	2.0	PGS1_HUMAN
LRR 8	242.0	265.0	0.0	REPEAT	23.0	5.0	4.0	3.0	4.0	7.0	5.0	4.0	10.0	7.0	8.0	7.0	11.0	6.0	7.0	-0.13043478260869565	5.0	8.0	DLPETLNELHLDHNKIQAIELEDLLR IQAIELEDLLR LGLGHNQIR	IQAIELEDLLR LGLGHNQIR	6.0	5.0	5.0	4.0	4.0	4.0	4.0	4.0	3.0	3.0	2.0	4.0	3.0	3.0	PGS1_HUMAN
LRR 9	266.0	289.0	1.0	REPEAT	23.0	0.0	0.0	0.0	0.0	0.0	0.0	0.0	0.0	0.0	0.0	0.0	0.0	0.0	0.0	0.0	0.0	0.0			0.0	0.0	0.0	0.0	0.0	0.0	0.0	0.0	0.0	0.0	0.0	0.0	0.0	0.0	PGS1_HUMAN
LRR 10	290.0	312.0	1.0	REPEAT	22.0	0.0	0.0	0.0	0.0	0.0	0.0	0.0	0.0	0.0	0.0	0.0	0.0	0.0	0.0	0.0	0.0	0.0			0.0	0.0	0.0	0.0	0.0	0.0	0.0	0.0	0.0	0.0	0.0	0.0	0.0	0.0	PGS1_HUMAN
LRR 11	313.0	342.0	0.4704	REPEAT	29.0	2.0	1.0	1.0	2.0	2.0	1.0	2.0	2.0	2.0	5.0	4.0	5.0	4.0	0.0	-0.034482758620689655	2.0	3.0	VGVNDFCPMGFGVK		2.0	1.0	2.0	2.0	1.0	1.0	2.0	1.0	1.0	2.0	1.0	2.0	2.0	0.0	PGS1_HUMAN
LRR 12	343.0	368.0	1.0	REPEAT	25.0	0.0	0.0	0.0	0.0	0.0	0.0	0.0	0.0	0.0	0.0	0.0	0.0	0.0	0.0	0.0	0.0	0.0			0.0	0.0	0.0	0.0	0.0	0.0	0.0	0.0	0.0	0.0	0.0	0.0	0.0	0.0	PGS1_HUMAN
50Step_Domain_p0_to_50	0.0	50.0	1.0	50.0 AA STEP	50.0	0.0	0.0	0.0	0.0	0.0	0.0	0.0	0.0	0.0	0.0	0.0	0.0	0.0	0.0	0.0	0.0	0.0			0.0	0.0	0.0	0.0	0.0	0.0	0.0	0.0	0.0	0.0	0.0	0.0	0.0	0.0	PGS1_HUMAN
50Step_Domain_p50.0_to_100.0	50.0	100.0	1.0	50.0 AA STEP	50.0	5.0	6.0	6.0	4.0	7.0	6.0	7.0	5.0	5.0	3.0	7.0	5.0	8.0	7.0	0.0	6.0	6.0	EISPDTTLLDLQNNDISELR EISPDTTLLDLQNNDISELRK SVPKEISPDTTLLDLQNNDISELR VVQCSDLGLK	EISPDTTLLDLQNNDISELR EISPDTTLLDLQNNDISELRK SVPKEISPDTTLLDLQNNDISELR	6.0	7.0	11.0	4.0	4.0	5.0	6.0	2.0	2.0	1.0	2.0	2.0	4.0	3.0	PGS1_HUMAN
50Step_Domain_p100.0_to_150.0	100.0	150.0	0.0	50.0 AA STEP	50.0	13.0	14.0	15.0	12.0	11.0	15.0	13.0	7.0	7.0	5.0	7.0	5.0	8.0	15.0	0.1	13.0	8.0	EISPDTTLLDLQNNDISELR EISPDTTLLDLQNNDISELRK NHLVEIPPNLPSSLVELR SVPKEISPDTTLLDLQNNDISELR	EISPDTTLLDLQNNDISELR EISPDTTLLDLQNNDISELRK NHLVEIPPNLPSSLVELR SVPKEISPDTTLLDLQNNDISELR	17.0	16.0	25.0	12.0	7.0	12.0	12.0	3.0	3.0	2.0	2.0	2.0	4.0	6.0	PGS1_HUMAN
50Step_Domain_p150.0_to_200.0	150.0	200.0	0.0	50.0 AA STEP	50.0	10.0	10.0	9.0	10.0	7.0	12.0	10.0	5.0	7.0	5.0	7.0	3.0	2.0	7.0	0.1	10.0	5.0	NHLVEIPPNLPSSLVELR NMNCIEMGGNPLENSGFEPGAFDGLK	NHLVEIPPNLPSSLVELR	13.0	11.0	16.0	10.0	4.0	9.0	9.0	2.0	3.0	2.0	2.0	1.0	1.0	3.0	PGS1_HUMAN
50Step_Domain_p200.0_to_250.0	200.0	250.0	1.0	50.0 AA STEP	50.0	7.0	6.0	6.0	8.0	7.0	3.0	4.0	10.0	7.0	5.0	7.0	5.0	6.0	5.0	0.0	6.0	6.0	DLPETLNELHLDHNK DLPETLNELHLDHNKIQAIELEDLLR IQAIELEDLLR NMNCIEMGGNPLENSGFEPGAFDGLK	DLPETLNELHLDHNK IQAIELEDLLR	9.0	7.0	11.0	8.0	4.0	2.0	4.0	4.0	3.0	2.0	2.0	2.0	3.0	2.0	PGS1_HUMAN
50Step_Domain_p250.0_to_300.0	250.0	300.0	0.0008	50.0 AA STEP	50.0	5.0	4.0	3.0	4.0	7.0	5.0	4.0	10.0	7.0	8.0	7.0	11.0	6.0	7.0	-0.06	5.0	8.0	DLPETLNELHLDHNKIQAIELEDLLR IQAIELEDLLR LGLGHNQIR	IQAIELEDLLR LGLGHNQIR	6.0	5.0	5.0	4.0	4.0	4.0	4.0	4.0	3.0	3.0	2.0	4.0	3.0	3.0	PGS1_HUMAN
50Step_Domain_p300.0_to_350.0	300.0	350.0	0.4096	50.0 AA STEP	50.0	2.0	1.0	1.0	2.0	2.0	1.0	2.0	2.0	2.0	5.0	4.0	5.0	4.0	0.0	-0.02	2.0	3.0	VGVNDFCPMGFGVK		2.0	1.0	2.0	2.0	1.0	1.0	2.0	1.0	1.0	2.0	1.0	2.0	2.0	0.0	PGS1_HUMAN
50Step_Domain_p350.0_to_368.0	350.0	368.0	1.0	50.0 AA STEP	18.0	0.0	0.0	0.0	0.0	0.0	0.0	0.0	0.0	0.0	0.0	0.0	0.0	0.0	0.0	0.0	0.0	0.0			0.0	0.0	0.0	0.0	0.0	0.0	0.0	0.0	0.0	0.0	0.0	0.0	0.0	0.0	PGS1_HUMAN
50Step_Domain_p0_to_50	0.0	50.0	1.0	50.0 AA STEP	50.0	0.0	0.0	0.0	0.0	0.0	0.0	0.0	0.0	0.0	0.0	0.0	0.0	0.0	0.0	0.0	0.0	0.0			0.0	0.0	0.0	0.0	0.0	0.0	0.0	0.0	0.0	0.0	0.0	0.0	0.0	0.0	Q53FI4_HUMAN
50Step_Domain_p50.0_to_100.0	50.0	100.0	1.0	50.0 AA STEP	50.0	5.0	6.0	6.0	4.0	7.0	6.0	7.0	5.0	5.0	3.0	7.0	5.0	8.0	7.0	0.0	6.0	6.0	EISPDTTLLDLQNNDISELR EISPDTTLLDLQNNDISELRK SVPKEISPDTTLLDLQNNDISELR VVQCSDLGLK	EISPDTTLLDLQNNDISELR EISPDTTLLDLQNNDISELRK SVPKEISPDTTLLDLQNNDISELR	6.0	7.0	11.0	4.0	4.0	5.0	6.0	2.0	2.0	1.0	2.0	2.0	4.0	3.0	Q53FI4_HUMAN
50Step_Domain_p100.0_to_150.0	100.0	150.0	0.0	50.0 AA STEP	50.0	13.0	14.0	15.0	12.0	11.0	15.0	13.0	7.0	7.0	5.0	7.0	5.0	8.0	15.0	0.1	13.0	8.0	EISPDTTLLDLQNNDISELR EISPDTTLLDLQNNDISELRK NHLVEIPPNLPSSLVELR SVPKEISPDTTLLDLQNNDISELR	EISPDTTLLDLQNNDISELR EISPDTTLLDLQNNDISELRK NHLVEIPPNLPSSLVELR SVPKEISPDTTLLDLQNNDISELR	17.0	16.0	25.0	12.0	7.0	12.0	12.0	3.0	3.0	2.0	2.0	2.0	4.0	6.0	Q53FI4_HUMAN
50Step_Domain_p150.0_to_200.0	150.0	200.0	0.0	50.0 AA STEP	50.0	10.0	10.0	9.0	10.0	7.0	12.0	10.0	5.0	7.0	5.0	7.0	3.0	2.0	7.0	0.1	10.0	5.0	NHLVEIPPNLPSSLVELR NMNCIEMGGNPLENSGFEPGAFDGLK	NHLVEIPPNLPSSLVELR	13.0	11.0	16.0	10.0	4.0	9.0	9.0	2.0	3.0	2.0	2.0	1.0	1.0	3.0	Q53FI4_HUMAN
50Step_Domain_p200.0_to_250.0	200.0	250.0	1.0	50.0 AA STEP	50.0	7.0	6.0	6.0	8.0	7.0	3.0	4.0	10.0	7.0	5.0	7.0	5.0	6.0	5.0	0.0	6.0	6.0	DLPETLNELHLDHNK DLPETLNELHLDHNKIQAIELEDLLR IQAIELEDLLR NMNCIEMGGNPLENSGFEPGAFDGLK	DLPETLNELHLDHNK IQAIELEDLLR	9.0	7.0	11.0	8.0	4.0	2.0	4.0	4.0	3.0	2.0	2.0	2.0	3.0	2.0	Q53FI4_HUMAN
50Step_Domain_p250.0_to_300.0	250.0	300.0	0.0008	50.0 AA STEP	50.0	5.0	4.0	3.0	4.0	7.0	5.0	4.0	10.0	7.0	8.0	7.0	11.0	6.0	7.0	-0.06	5.0	8.0	DLPETLNELHLDHNKIQAIELEDLLR IQAIELEDLLR LGLGHNQIR	IQAIELEDLLR LGLGHNQIR	6.0	5.0	5.0	4.0	4.0	4.0	4.0	4.0	3.0	3.0	2.0	4.0	3.0	3.0	Q53FI4_HUMAN
50Step_Domain_p300.0_to_350.0	300.0	350.0	0.4096	50.0 AA STEP	50.0	2.0	1.0	1.0	2.0	2.0	1.0	2.0	2.0	2.0	5.0	4.0	5.0	4.0	0.0	-0.02	2.0	3.0	VGVNDFCPMGFGVK		2.0	1.0	2.0	2.0	1.0	1.0	2.0	1.0	1.0	2.0	1.0	2.0	2.0	0.0	Q53FI4_HUMAN
50Step_Domain_p350.0_to_368.0	350.0	368.0	1.0	50.0 AA STEP	18.0	0.0	0.0	0.0	0.0	0.0	0.0	0.0	0.0	0.0	0.0	0.0	0.0	0.0	0.0	0.0	0.0	0.0			0.0	0.0	0.0	0.0	0.0	0.0	0.0	0.0	0.0	0.0	0.0	0.0	0.0	0.0	Q53FI4_HUMAN
50Step_Domain_p0_to_50	0.0	50.0	0.8310000000000001	50.0 AA STEP	50.0	17.0	15.0	17.0	19.0	25.0	23.0	22.0	20.0	26.0	25.0	23.0	20.0	23.0	19.0	-0.04	20.0	22.0	FHVNLLCGEEQGSDAALHFNPR GLVPPNASR SSLPEGIRPGTVLR	FHVNLLCGEEQGSDAALHFNPR GLVPPNASR SSLPEGIRPGTVLR	13.0	13.0	17.0	19.0	11.0	19.0	27.0	18.0	41.0	35.0	31.0	18.0	17.0	21.0	LEG7_HUMAN
50Step_Domain_p50.0_to_100.0	50.0	100.0	0.0309	50.0 AA STEP	50.0	12.0	11.0	14.0	14.0	14.0	18.0	21.0	23.0	24.0	24.0	23.0	20.0	23.0	13.0	-0.12	15.0	21.0	AVVGDAQYHHFR FHVNLLCGEEQGSDAALHFNPR GPGVPFQR GQPFEVLIIASDDGFK LDTSEVVFNSK	AVVGDAQYHHFR FHVNLLCGEEQGSDAALHFNPR GPGVPFQR GQPFEVLIIASDDGFK LDTSEVVFNSK	9.0	10.0	14.0	14.0	6.0	15.0	26.0	20.0	37.0	34.0	31.0	18.0	17.0	15.0	LEG7_HUMAN
50Step_Domain_p100.0_to_136.0	100.0	136.0	0.756	50.0 AA STEP	36.0	28.0	30.0	29.0	29.0	21.0	21.0	22.0	24.0	21.0	21.0	23.0	24.0	22.0	26.0	0.08333333333333333	26.0	23.0	AVVGDAQYHHFR LVEVGGDVQLDSVR	AVVGDAQYHHFR LVEVGGDVQLDSVR	22.0	27.0	28.0	30.0	9.0	17.0	27.0	21.0	33.0	30.0	31.0	22.0	16.0	29.0	LEG7_HUMAN
