Protein,Sample,Peptide,Exclusive spectrum count,spectra,spectra_2,spectra_3,spectra_4
FBLN1_HUMAN,20180601_SherrattM_MO_15.raw (Full_Skin_15),CLAFECPENYR,12,0,1,0,0
FBLN1_HUMAN,20180601_SherrattM_MO_15.raw (Full_Skin_15),CVDVDECAPPAEPCGK,12,0,1,0,0
FBLN1_HUMAN,20180601_SherrattM_MO_15.raw (Full_Skin_15),DCSLPYATESK,12,0,2,0,0
FBLN1_HUMAN,20180601_SherrattM_MO_15.raw (Full_Skin_15),EFTRPEEIIFLR,12,0,1,2,0
FBLN1_HUMAN,20180601_SherrattM_MO_15.raw (Full_Skin_15),GYHLNEEGTR,12,0,1,1,0
FBLN1_HUMAN,20180601_SherrattM_MO_15.raw (Full_Skin_15),MCVDVNECQR,12,0,1,0,0
FBLN1_HUMAN,20180601_SherrattM_MO_15.raw (Full_Skin_15),MVQEQCCHSQLEELHCATGISLANEQDR,12,0,0,0,1
FBLN1_HUMAN,20180601_SherrattM_MO_15.raw (Full_Skin_15),TGYYFDGISR,12,0,1,0,0
"A6NLG9_HUMAN,A8K7E0_HUMAN,B4DDQ2_HUMAN,PGS1_HUMAN,Q53FI4_HUMAN",20180601_SherrattM_MO_15.raw (Full_Skin_15),DLPETLNELHLDHNK,33,0,1,3,0
"A6NLG9_HUMAN,A8K7E0_HUMAN,B4DDQ2_HUMAN,PGS1_HUMAN,Q53FI4_HUMAN",20180601_SherrattM_MO_15.raw (Full_Skin_15),DLPETLNELHLDHNKIQAIELEDLLR,33,0,0,1,1
"A6NLG9_HUMAN,A8K7E0_HUMAN,B4DDQ2_HUMAN,PGS1_HUMAN,Q53FI4_HUMAN",20180601_SherrattM_MO_15.raw (Full_Skin_15),EISPDTTLLDLQNNDISELR,33,0,1,1,0
"A6NLG9_HUMAN,A8K7E0_HUMAN,B4DDQ2_HUMAN,PGS1_HUMAN,Q53FI4_HUMAN",20180601_SherrattM_MO_15.raw (Full_Skin_15),EISPDTTLLDLQNNDISELRK,33,0,1,1,0
"A6NLG9_HUMAN,A8K7E0_HUMAN,B4DDQ2_HUMAN,PGS1_HUMAN,Q53FI4_HUMAN",20180601_SherrattM_MO_15.raw (Full_Skin_15),IHEKAFSPLR,33,0,0,1,0
"A6NLG9_HUMAN,A8K7E0_HUMAN,B4DDQ2_HUMAN,PGS1_HUMAN,Q53FI4_HUMAN",20180601_SherrattM_MO_15.raw (Full_Skin_15),IQAIELEDLLR,33,0,2,0,0
"A6NLG9_HUMAN,A8K7E0_HUMAN,B4DDQ2_HUMAN,PGS1_HUMAN,Q53FI4_HUMAN",20180601_SherrattM_MO_15.raw (Full_Skin_15),LGLGHNQIR,33,0,1,1,0
"A6NLG9_HUMAN,A8K7E0_HUMAN,B4DDQ2_HUMAN,PGS1_HUMAN,Q53FI4_HUMAN",20180601_SherrattM_MO_15.raw (Full_Skin_15),NHLVEIPPNLPSSLVELR,33,0,1,11,0
"A6NLG9_HUMAN,A8K7E0_HUMAN,B4DDQ2_HUMAN,PGS1_HUMAN,Q53FI4_HUMAN",20180601_SherrattM_MO_15.raw (Full_Skin_15),NMNCIEMGGNPLENSGFEPGAFDGLK,33,0,1,0,0
"A6NLG9_HUMAN,A8K7E0_HUMAN,B4DDQ2_HUMAN,PGS1_HUMAN,Q53FI4_HUMAN",20180601_SherrattM_MO_15.raw (Full_Skin_15),VGVNDFCPMGFGVK,33,0,2,0,0
"A6NLG9_HUMAN,A8K7E0_HUMAN,B4DDQ2_HUMAN,PGS1_HUMAN,Q53FI4_HUMAN",20180601_SherrattM_MO_15.raw (Full_Skin_15),VVQCSDLGLK,33,0,2,0,0
LEG7_HUMAN,20180601_SherrattM_MO_15.raw (Full_Skin_15),AVVGDAQYHHFR,41,0,1,1,0
LEG7_HUMAN,20180601_SherrattM_MO_15.raw (Full_Skin_15),FHVNLLCGEEQGSDAALHFNPR,41,0,0,1,0
LEG7_HUMAN,20180601_SherrattM_MO_15.raw (Full_Skin_15),GLVPPNASR,41,0,9,0,0
LEG7_HUMAN,20180601_SherrattM_MO_15.raw (Full_Skin_15),GQPFEVLIIASDDGFK,41,0,1,1,0
LEG7_HUMAN,20180601_SherrattM_MO_15.raw (Full_Skin_15),LDTSEVVFNSK,41,0,4,0,0
LEG7_HUMAN,20180601_SherrattM_MO_15.raw (Full_Skin_15),LVEVGGDVQLDSVR,41,0,20,0,0
LEG7_HUMAN,20180601_SherrattM_MO_15.raw (Full_Skin_15),SSLPEGIRPGTVLR,41,0,1,2,0
FBLN1_HUMAN,20180601_SherrattM_MO_17.raw (Full_Skin_17),CLAFECPENYR,9,0,1,0,0
FBLN1_HUMAN,20180601_SherrattM_MO_17.raw (Full_Skin_17),CVDVDECAPPAEPCGK,9,0,1,0,0
FBLN1_HUMAN,20180601_SherrattM_MO_17.raw (Full_Skin_17),DCSLPYATESK,9,0,2,0,0
FBLN1_HUMAN,20180601_SherrattM_MO_17.raw (Full_Skin_17),EFTRPEEIIFLR,9,0,0,1,0
FBLN1_HUMAN,20180601_SherrattM_MO_17.raw (Full_Skin_17),GYHLNEEGTR,9,0,1,0,0
FBLN1_HUMAN,20180601_SherrattM_MO_17.raw (Full_Skin_17),MCVDVNECQR,9,0,1,0,0
FBLN1_HUMAN,20180601_SherrattM_MO_17.raw (Full_Skin_17),MVQEQCCHSQLEELHCATGISLANEQDR,9,0,0,0,1
FBLN1_HUMAN,20180601_SherrattM_MO_17.raw (Full_Skin_17),TGYYFDGISR,9,0,1,0,0
"A6NLG9_HUMAN,A8K7E0_HUMAN,B4DDQ2_HUMAN,PGS1_HUMAN,Q53FI4_HUMAN",20180601_SherrattM_MO_17.raw (Full_Skin_17),DLPETLNELHLDHNK,28,0,2,1,1
"A6NLG9_HUMAN,A8K7E0_HUMAN,B4DDQ2_HUMAN,PGS1_HUMAN,Q53FI4_HUMAN",20180601_SherrattM_MO_17.raw (Full_Skin_17),DLPETLNELHLDHNKIQAIELEDLLR,28,0,0,1,1
"A6NLG9_HUMAN,A8K7E0_HUMAN,B4DDQ2_HUMAN,PGS1_HUMAN,Q53FI4_HUMAN",20180601_SherrattM_MO_17.raw (Full_Skin_17),EISPDTTLLDLQNNDISELR,28,0,1,1,0
"A6NLG9_HUMAN,A8K7E0_HUMAN,B4DDQ2_HUMAN,PGS1_HUMAN,Q53FI4_HUMAN",20180601_SherrattM_MO_17.raw (Full_Skin_17),EISPDTTLLDLQNNDISELRK,28,0,1,1,0
"A6NLG9_HUMAN,A8K7E0_HUMAN,B4DDQ2_HUMAN,PGS1_HUMAN,Q53FI4_HUMAN",20180601_SherrattM_MO_17.raw (Full_Skin_17),EISPDTTLLDLQNNDISELRKDDFK,28,0,0,1,0
"A6NLG9_HUMAN,A8K7E0_HUMAN,B4DDQ2_HUMAN,PGS1_HUMAN,Q53FI4_HUMAN",20180601_SherrattM_MO_17.raw (Full_Skin_17),IQAIELEDLLR,28,0,1,0,0
"A6NLG9_HUMAN,A8K7E0_HUMAN,B4DDQ2_HUMAN,PGS1_HUMAN,Q53FI4_HUMAN",20180601_SherrattM_MO_17.raw (Full_Skin_17),LGLGHNQIR,28,0,1,1,0
"A6NLG9_HUMAN,A8K7E0_HUMAN,B4DDQ2_HUMAN,PGS1_HUMAN,Q53FI4_HUMAN",20180601_SherrattM_MO_17.raw (Full_Skin_17),NHLVEIPPNLPSSLVELR,28,0,1,10,0
"A6NLG9_HUMAN,A8K7E0_HUMAN,B4DDQ2_HUMAN,PGS1_HUMAN,Q53FI4_HUMAN",20180601_SherrattM_MO_17.raw (Full_Skin_17),VGVNDFCPMGFGVK,28,0,1,0,0
"A6NLG9_HUMAN,A8K7E0_HUMAN,B4DDQ2_HUMAN,PGS1_HUMAN,Q53FI4_HUMAN",20180601_SherrattM_MO_17.raw (Full_Skin_17),VVQCSDLGLK,28,0,2,0,0
LEG7_HUMAN,20180601_SherrattM_MO_17.raw (Full_Skin_17),AVVGDAQYHHFR,47,0,1,1,0
LEG7_HUMAN,20180601_SherrattM_MO_17.raw (Full_Skin_17),FHVNLLCGEEQGSDAALHFNPR,47,0,0,0,1
LEG7_HUMAN,20180601_SherrattM_MO_17.raw (Full_Skin_17),GLVPPNASR,47,0,9,0,0
LEG7_HUMAN,20180601_SherrattM_MO_17.raw (Full_Skin_17),GQPFEVLIIASDDGFK,47,0,2,1,0
LEG7_HUMAN,20180601_SherrattM_MO_17.raw (Full_Skin_17),LDTSEVVFNSK,47,0,4,0,0
LEG7_HUMAN,20180601_SherrattM_MO_17.raw (Full_Skin_17),LVEVGGDVQLDSVR,47,0,25,0,0
LEG7_HUMAN,20180601_SherrattM_MO_17.raw (Full_Skin_17),SSLPEGIRPGTVLR,47,0,2,1,0
"A6NLG9_HUMAN,A8K7E0_HUMAN,B4DDQ2_HUMAN,PGS1_HUMAN,Q53FI4_HUMAN",20180601_SherrattM_MO_19.raw (Full_Skin_19),DLPETLNELHLDHNK,42,0,2,3,2
"A6NLG9_HUMAN,A8K7E0_HUMAN,B4DDQ2_HUMAN,PGS1_HUMAN,Q53FI4_HUMAN",20180601_SherrattM_MO_19.raw (Full_Skin_19),DLPETLNELHLDHNKIQAIELEDLLR,42,0,0,0,2
"A6NLG9_HUMAN,A8K7E0_HUMAN,B4DDQ2_HUMAN,PGS1_HUMAN,Q53FI4_HUMAN",20180601_SherrattM_MO_19.raw (Full_Skin_19),EISPDTTLLDLQNNDISELR,42,0,1,1,0
"A6NLG9_HUMAN,A8K7E0_HUMAN,B4DDQ2_HUMAN,PGS1_HUMAN,Q53FI4_HUMAN",20180601_SherrattM_MO_19.raw (Full_Skin_19),EISPDTTLLDLQNNDISELRK,42,0,1,2,1
"A6NLG9_HUMAN,A8K7E0_HUMAN,B4DDQ2_HUMAN,PGS1_HUMAN,Q53FI4_HUMAN",20180601_SherrattM_MO_19.raw (Full_Skin_19),EISPDTTLLDLQNNDISELRKDDFK,42,0,0,1,0
"A6NLG9_HUMAN,A8K7E0_HUMAN,B4DDQ2_HUMAN,PGS1_HUMAN,Q53FI4_HUMAN",20180601_SherrattM_MO_19.raw (Full_Skin_19),IHEKAFSPLR,42,0,0,1,0
"A6NLG9_HUMAN,A8K7E0_HUMAN,B4DDQ2_HUMAN,PGS1_HUMAN,Q53FI4_HUMAN",20180601_SherrattM_MO_19.raw (Full_Skin_19),IQAIELEDLLR,42,0,1,0,0
"A6NLG9_HUMAN,A8K7E0_HUMAN,B4DDQ2_HUMAN,PGS1_HUMAN,Q53FI4_HUMAN",20180601_SherrattM_MO_19.raw (Full_Skin_19),LGLGHNQIR,42,0,1,1,0
"A6NLG9_HUMAN,A8K7E0_HUMAN,B4DDQ2_HUMAN,PGS1_HUMAN,Q53FI4_HUMAN",20180601_SherrattM_MO_19.raw (Full_Skin_19),NHLVEIPPNLPSSLVELR,42,0,4,11,0
"A6NLG9_HUMAN,A8K7E0_HUMAN,B4DDQ2_HUMAN,PGS1_HUMAN,Q53FI4_HUMAN",20180601_SherrattM_MO_19.raw (Full_Skin_19),NMNCIEMGGNPLENSGFEPGAFDGLK,42,0,0,1,0
"A6NLG9_HUMAN,A8K7E0_HUMAN,B4DDQ2_HUMAN,PGS1_HUMAN,Q53FI4_HUMAN",20180601_SherrattM_MO_19.raw (Full_Skin_19),SVPKEISPDTTLLDLQNNDISELR,42,0,0,1,0
"A6NLG9_HUMAN,A8K7E0_HUMAN,B4DDQ2_HUMAN,PGS1_HUMAN,Q53FI4_HUMAN",20180601_SherrattM_MO_19.raw (Full_Skin_19),SVPKEISPDTTLLDLQNNDISELRK,42,0,0,1,0
"A6NLG9_HUMAN,A8K7E0_HUMAN,B4DDQ2_HUMAN,PGS1_HUMAN,Q53FI4_HUMAN",20180601_SherrattM_MO_19.raw (Full_Skin_19),VGVNDFCPMGFGVK,42,0,1,0,0
"A6NLG9_HUMAN,A8K7E0_HUMAN,B4DDQ2_HUMAN,PGS1_HUMAN,Q53FI4_HUMAN",20180601_SherrattM_MO_19.raw (Full_Skin_19),VGVNDFCPMGFGVKR,42,0,0,1,0
"A6NLG9_HUMAN,A8K7E0_HUMAN,B4DDQ2_HUMAN,PGS1_HUMAN,Q53FI4_HUMAN",20180601_SherrattM_MO_19.raw (Full_Skin_19),VVQCSDLGLK,42,0,2,0,0
FBLN1_HUMAN,20180601_SherrattM_MO_19.raw (Full_Skin_19),DCSLPYATESK,11,0,2,0,0
FBLN1_HUMAN,20180601_SherrattM_MO_19.raw (Full_Skin_19),EFTRPEEIIFLR,11,0,1,2,0
FBLN1_HUMAN,20180601_SherrattM_MO_19.raw (Full_Skin_19),GYHLNEEGTR,11,0,1,0,0
FBLN1_HUMAN,20180601_SherrattM_MO_19.raw (Full_Skin_19),GYQLSDVDGVTCEDIDECALPTGGHICSYR,11,0,0,1,0
FBLN1_HUMAN,20180601_SherrattM_MO_19.raw (Full_Skin_19),MCVDVNECQR,11,0,1,0,0
FBLN1_HUMAN,20180601_SherrattM_MO_19.raw (Full_Skin_19),MVQEQCCHSQLEELHCATGISLANEQDR,11,0,0,0,1
FBLN1_HUMAN,20180601_SherrattM_MO_19.raw (Full_Skin_19),RGYQLSDVDGVTCEDIDECALPTGGHICSYR,11,0,0,0,1
FBLN1_HUMAN,20180601_SherrattM_MO_19.raw (Full_Skin_19),TGYYFDGISR,11,0,1,0,0
LEG7_HUMAN,20180601_SherrattM_MO_19.raw (Full_Skin_19),AVVGDAQYHHFR,52,0,1,1,1
LEG7_HUMAN,20180601_SherrattM_MO_19.raw (Full_Skin_19),FHVNLLCGEEQGSDAALHFNPR,52,0,0,2,2
LEG7_HUMAN,20180601_SherrattM_MO_19.raw (Full_Skin_19),GLVPPNASR,52,0,10,0,0
LEG7_HUMAN,20180601_SherrattM_MO_19.raw (Full_Skin_19),GPGVPFQR,52,0,1,0,0
LEG7_HUMAN,20180601_SherrattM_MO_19.raw (Full_Skin_19),GQPFEVLIIASDDGFK,52,0,2,1,0
LEG7_HUMAN,20180601_SherrattM_MO_19.raw (Full_Skin_19),LDTSEVVFNSK,52,0,3,0,0
LEG7_HUMAN,20180601_SherrattM_MO_19.raw (Full_Skin_19),LVEVGGDVQLDSVR,52,0,25,0,0
LEG7_HUMAN,20180601_SherrattM_MO_19.raw (Full_Skin_19),SSLPEGIRPGTVLR,52,0,2,1,0
"A6NLG9_HUMAN,A8K7E0_HUMAN,B4DDQ2_HUMAN,PGS1_HUMAN,Q53FI4_HUMAN",20180601_SherrattM_MO_21.raw (Full_Skin_21),DLPETLNELHLDHNK,26,0,1,3,1
"A6NLG9_HUMAN,A8K7E0_HUMAN,B4DDQ2_HUMAN,PGS1_HUMAN,Q53FI4_HUMAN",20180601_SherrattM_MO_21.raw (Full_Skin_21),DLPETLNELHLDHNKIQAIELEDLLR,26,0,0,1,0
"A6NLG9_HUMAN,A8K7E0_HUMAN,B4DDQ2_HUMAN,PGS1_HUMAN,Q53FI4_HUMAN",20180601_SherrattM_MO_21.raw (Full_Skin_21),EISPDTTLLDLQNNDISELR,26,0,1,0,0
"A6NLG9_HUMAN,A8K7E0_HUMAN,B4DDQ2_HUMAN,PGS1_HUMAN,Q53FI4_HUMAN",20180601_SherrattM_MO_21.raw (Full_Skin_21),EISPDTTLLDLQNNDISELRK,26,0,1,0,0
"A6NLG9_HUMAN,A8K7E0_HUMAN,B4DDQ2_HUMAN,PGS1_HUMAN,Q53FI4_HUMAN",20180601_SherrattM_MO_21.raw (Full_Skin_21),IQAIELEDLLR,26,0,1,0,0
"A6NLG9_HUMAN,A8K7E0_HUMAN,B4DDQ2_HUMAN,PGS1_HUMAN,Q53FI4_HUMAN",20180601_SherrattM_MO_21.raw (Full_Skin_21),LGLGHNQIR,26,0,1,1,0
"A6NLG9_HUMAN,A8K7E0_HUMAN,B4DDQ2_HUMAN,PGS1_HUMAN,Q53FI4_HUMAN",20180601_SherrattM_MO_21.raw (Full_Skin_21),NHLVEIPPNLPSSLVELR,26,0,0,9,0
"A6NLG9_HUMAN,A8K7E0_HUMAN,B4DDQ2_HUMAN,PGS1_HUMAN,Q53FI4_HUMAN",20180601_SherrattM_MO_21.raw (Full_Skin_21),NMNCIEMGGNPLENSGFEPGAFDGLK,26,0,1,0,0
"A6NLG9_HUMAN,A8K7E0_HUMAN,B4DDQ2_HUMAN,PGS1_HUMAN,Q53FI4_HUMAN",20180601_SherrattM_MO_21.raw (Full_Skin_21),SVPKEISPDTTLLDLQNNDISELRK,26,0,0,1,0
"A6NLG9_HUMAN,A8K7E0_HUMAN,B4DDQ2_HUMAN,PGS1_HUMAN,Q53FI4_HUMAN",20180601_SherrattM_MO_21.raw (Full_Skin_21),VGVNDFCPMGFGVK,26,0,2,0,0
"A6NLG9_HUMAN,A8K7E0_HUMAN,B4DDQ2_HUMAN,PGS1_HUMAN,Q53FI4_HUMAN",20180601_SherrattM_MO_21.raw (Full_Skin_21),VVQCSDLGLK,26,0,1,0,0
FBLN1_HUMAN,20180601_SherrattM_MO_21.raw (Full_Skin_21),CLAFECPENYR,12,0,2,0,0
FBLN1_HUMAN,20180601_SherrattM_MO_21.raw (Full_Skin_21),CVDVDECAPPAEPCGK,12,0,2,0,0
FBLN1_HUMAN,20180601_SherrattM_MO_21.raw (Full_Skin_21),DCSLPYATESK,12,0,2,0,0
FBLN1_HUMAN,20180601_SherrattM_MO_21.raw (Full_Skin_21),EFTRPEEIIFLR,12,0,1,2,0
FBLN1_HUMAN,20180601_SherrattM_MO_21.raw (Full_Skin_21),GYHLNEEGTR,12,0,1,0,0
FBLN1_HUMAN,20180601_SherrattM_MO_21.raw (Full_Skin_21),MCVDVNECQR,12,0,1,0,0
FBLN1_HUMAN,20180601_SherrattM_MO_21.raw (Full_Skin_21),TGYYFDGISR,12,0,1,0,0
LEG7_HUMAN,20180601_SherrattM_MO_21.raw (Full_Skin_21),AVVGDAQYHHFR,54,0,1,1,0
LEG7_HUMAN,20180601_SherrattM_MO_21.raw (Full_Skin_21),FHVNLLCGEEQGSDAALHFNPR,54,0,0,6,1
LEG7_HUMAN,20180601_SherrattM_MO_21.raw (Full_Skin_21),GLVPPNASR,54,0,11,0,0
LEG7_HUMAN,20180601_SherrattM_MO_21.raw (Full_Skin_21),GQPFEVLIIASDDGFK,54,0,2,1,0
LEG7_HUMAN,20180601_SherrattM_MO_21.raw (Full_Skin_21),LDTSEVVFNSK,54,0,2,0,0
LEG7_HUMAN,20180601_SherrattM_MO_21.raw (Full_Skin_21),LVEVGGDVQLDSVR,54,0,28,0,0
LEG7_HUMAN,20180601_SherrattM_MO_21.raw (Full_Skin_21),SSLPEGIRPGTVLR,54,0,1,0,0
FBLN1_HUMAN,20180601_SherrattM_MO_23.raw (Full_Skin_23),CLAFECPENYR,9,0,1,0,0
FBLN1_HUMAN,20180601_SherrattM_MO_23.raw (Full_Skin_23),CVDVDECAPPAEPCGK,9,0,1,0,0
FBLN1_HUMAN,20180601_SherrattM_MO_23.raw (Full_Skin_23),DCSLPYATESK,9,0,2,0,0
FBLN1_HUMAN,20180601_SherrattM_MO_23.raw (Full_Skin_23),EFTRPEEIIFLR,9,0,0,1,0
FBLN1_HUMAN,20180601_SherrattM_MO_23.raw (Full_Skin_23),GYHLNEEGTR,9,0,1,1,0
FBLN1_HUMAN,20180601_SherrattM_MO_23.raw (Full_Skin_23),MCVDVNECQR,9,0,1,0,0
FBLN1_HUMAN,20180601_SherrattM_MO_23.raw (Full_Skin_23),TGYYFDGISR,9,0,1,0,0
"A6NLG9_HUMAN,A8K7E0_HUMAN,B4DDQ2_HUMAN,PGS1_HUMAN,Q53FI4_HUMAN",20180601_SherrattM_MO_23.raw (Full_Skin_23),DLPETLNELHLDHNK,15,0,1,0,1
"A6NLG9_HUMAN,A8K7E0_HUMAN,B4DDQ2_HUMAN,PGS1_HUMAN,Q53FI4_HUMAN",20180601_SherrattM_MO_23.raw (Full_Skin_23),DLPETLNELHLDHNKIQAIELEDLLR,15,0,0,0,1
"A6NLG9_HUMAN,A8K7E0_HUMAN,B4DDQ2_HUMAN,PGS1_HUMAN,Q53FI4_HUMAN",20180601_SherrattM_MO_23.raw (Full_Skin_23),EISPDTTLLDLQNNDISELR,15,0,1,1,0
"A6NLG9_HUMAN,A8K7E0_HUMAN,B4DDQ2_HUMAN,PGS1_HUMAN,Q53FI4_HUMAN",20180601_SherrattM_MO_23.raw (Full_Skin_23),EISPDTTLLDLQNNDISELRKDDFK,15,0,0,1,0
"A6NLG9_HUMAN,A8K7E0_HUMAN,B4DDQ2_HUMAN,PGS1_HUMAN,Q53FI4_HUMAN",20180601_SherrattM_MO_23.raw (Full_Skin_23),IQAIELEDLLR,15,0,1,0,0
"A6NLG9_HUMAN,A8K7E0_HUMAN,B4DDQ2_HUMAN,PGS1_HUMAN,Q53FI4_HUMAN",20180601_SherrattM_MO_23.raw (Full_Skin_23),LGLGHNQIR,15,0,1,1,0
"A6NLG9_HUMAN,A8K7E0_HUMAN,B4DDQ2_HUMAN,PGS1_HUMAN,Q53FI4_HUMAN",20180601_SherrattM_MO_23.raw (Full_Skin_23),NHLVEIPPNLPSSLVELR,15,0,1,3,0
"A6NLG9_HUMAN,A8K7E0_HUMAN,B4DDQ2_HUMAN,PGS1_HUMAN,Q53FI4_HUMAN",20180601_SherrattM_MO_23.raw (Full_Skin_23),VGVNDFCPMGFGVK,15,0,1,0,0
"A6NLG9_HUMAN,A8K7E0_HUMAN,B4DDQ2_HUMAN,PGS1_HUMAN,Q53FI4_HUMAN",20180601_SherrattM_MO_23.raw (Full_Skin_23),VVQCSDLGLK,15,0,1,0,0
LEG7_HUMAN,20180601_SherrattM_MO_23.raw (Full_Skin_23),AVVGDAQYHHFR,23,0,1,1,0
LEG7_HUMAN,20180601_SherrattM_MO_23.raw (Full_Skin_23),FHVNLLCGEEQGSDAALHFNPR,23,0,0,1,0
LEG7_HUMAN,20180601_SherrattM_MO_23.raw (Full_Skin_23),GLVPPNASR,23,0,8,0,0
LEG7_HUMAN,20180601_SherrattM_MO_23.raw (Full_Skin_23),LDTSEVVFNSK,23,0,3,0,0
LEG7_HUMAN,20180601_SherrattM_MO_23.raw (Full_Skin_23),LVEVGGDVQLDSVR,23,0,7,0,0
LEG7_HUMAN,20180601_SherrattM_MO_23.raw (Full_Skin_23),SSLPEGIRPGTVLR,23,0,1,1,0
"A6NLG9_HUMAN,A8K7E0_HUMAN,B4DDQ2_HUMAN,PGS1_HUMAN,Q53FI4_HUMAN",20180601_SherrattM_MO_25.raw (Full_Skin_25),DLPETLNELHLDHNKIQAIELEDLLR,19,0,0,1,0
"A6NLG9_HUMAN,A8K7E0_HUMAN,B4DDQ2_HUMAN,PGS1_HUMAN,Q53FI4_HUMAN",20180601_SherrattM_MO_25.raw (Full_Skin_25),EISPDTTLLDLQNNDISELR,19,0,1,0,0
"A6NLG9_HUMAN,A8K7E0_HUMAN,B4DDQ2_HUMAN,PGS1_HUMAN,Q53FI4_HUMAN",20180601_SherrattM_MO_25.raw (Full_Skin_25),EISPDTTLLDLQNNDISELRKDDFK,19,0,0,1,0
"A6NLG9_HUMAN,A8K7E0_HUMAN,B4DDQ2_HUMAN,PGS1_HUMAN,Q53FI4_HUMAN",20180601_SherrattM_MO_25.raw (Full_Skin_25),IQAIELEDLLR,19,0,1,0,0
"A6NLG9_HUMAN,A8K7E0_HUMAN,B4DDQ2_HUMAN,PGS1_HUMAN,Q53FI4_HUMAN",20180601_SherrattM_MO_25.raw (Full_Skin_25),LGLGHNQIR,19,0,1,1,0
"A6NLG9_HUMAN,A8K7E0_HUMAN,B4DDQ2_HUMAN,PGS1_HUMAN,Q53FI4_HUMAN",20180601_SherrattM_MO_25.raw (Full_Skin_25),NHLVEIPPNLPSSLVELR,19,0,1,8,0
"A6NLG9_HUMAN,A8K7E0_HUMAN,B4DDQ2_HUMAN,PGS1_HUMAN,Q53FI4_HUMAN",20180601_SherrattM_MO_25.raw (Full_Skin_25),SVPKEISPDTTLLDLQNNDISELRK,19,0,0,0,1
"A6NLG9_HUMAN,A8K7E0_HUMAN,B4DDQ2_HUMAN,PGS1_HUMAN,Q53FI4_HUMAN",20180601_SherrattM_MO_25.raw (Full_Skin_25),VGVNDFCPMGFGVK,19,0,1,0,0
"A6NLG9_HUMAN,A8K7E0_HUMAN,B4DDQ2_HUMAN,PGS1_HUMAN,Q53FI4_HUMAN",20180601_SherrattM_MO_25.raw (Full_Skin_25),VVQCSDLGLK,19,0,2,0,0
FBLN1_HUMAN,20180601_SherrattM_MO_25.raw (Full_Skin_25),CLAFECPENYR,5,0,1,0,0
FBLN1_HUMAN,20180601_SherrattM_MO_25.raw (Full_Skin_25),DCSLPYATESK,5,0,1,0,0
FBLN1_HUMAN,20180601_SherrattM_MO_25.raw (Full_Skin_25),GYHLNEEGTR,5,0,1,0,0
FBLN1_HUMAN,20180601_SherrattM_MO_25.raw (Full_Skin_25),MVQEQCCHSQLEELHCATGISLANEQDR,5,0,0,0,1
FBLN1_HUMAN,20180601_SherrattM_MO_25.raw (Full_Skin_25),TGYYFDGISR,5,0,1,0,0
LEG7_HUMAN,20180601_SherrattM_MO_25.raw (Full_Skin_25),AVVGDAQYHHFR,43,0,0,1,0
LEG7_HUMAN,20180601_SherrattM_MO_25.raw (Full_Skin_25),FHVNLLCGEEQGSDAALHFNPR,43,0,0,3,4
LEG7_HUMAN,20180601_SherrattM_MO_25.raw (Full_Skin_25),GLVPPNASR,43,0,10,0,0
LEG7_HUMAN,20180601_SherrattM_MO_25.raw (Full_Skin_25),GQPFEVLIIASDDGFK,43,0,3,1,0
LEG7_HUMAN,20180601_SherrattM_MO_25.raw (Full_Skin_25),LDTSEVVFNSK,43,0,3,0,0
LEG7_HUMAN,20180601_SherrattM_MO_25.raw (Full_Skin_25),LVEVGGDVQLDSVR,43,0,16,0,0
LEG7_HUMAN,20180601_SherrattM_MO_25.raw (Full_Skin_25),SSLPEGIRPGTVLR,43,0,1,1,0
FBLN1_HUMAN,20180601_SherrattM_MO_27.raw (Full_Skin_27),DCSLPYATESK,9,0,1,0,0
FBLN1_HUMAN,20180601_SherrattM_MO_27.raw (Full_Skin_27),EFTRPEEIIFLR,9,0,1,2,0
FBLN1_HUMAN,20180601_SherrattM_MO_27.raw (Full_Skin_27),GYHLNEEGTR,9,0,1,1,0
FBLN1_HUMAN,20180601_SherrattM_MO_27.raw (Full_Skin_27),GYQLSDVDGVTCEDIDECALPTGGHICSYR,9,0,0,1,0
FBLN1_HUMAN,20180601_SherrattM_MO_27.raw (Full_Skin_27),MVQEQCCHSQLEELHCATGISLANEQDR,9,0,0,0,1
FBLN1_HUMAN,20180601_SherrattM_MO_27.raw (Full_Skin_27),TGYYFDGISR,9,0,1,0,0
"A6NLG9_HUMAN,A8K7E0_HUMAN,B4DDQ2_HUMAN,PGS1_HUMAN,Q53FI4_HUMAN",20180601_SherrattM_MO_27.raw (Full_Skin_27),DLPETLNELHLDHNK,22,0,0,1,0
"A6NLG9_HUMAN,A8K7E0_HUMAN,B4DDQ2_HUMAN,PGS1_HUMAN,Q53FI4_HUMAN",20180601_SherrattM_MO_27.raw (Full_Skin_27),DLPETLNELHLDHNKIQAIELEDLLR,22,0,0,0,1
"A6NLG9_HUMAN,A8K7E0_HUMAN,B4DDQ2_HUMAN,PGS1_HUMAN,Q53FI4_HUMAN",20180601_SherrattM_MO_27.raw (Full_Skin_27),EISPDTTLLDLQNNDISELR,22,0,0,1,0
"A6NLG9_HUMAN,A8K7E0_HUMAN,B4DDQ2_HUMAN,PGS1_HUMAN,Q53FI4_HUMAN",20180601_SherrattM_MO_27.raw (Full_Skin_27),EISPDTTLLDLQNNDISELRK,22,0,1,1,0
"A6NLG9_HUMAN,A8K7E0_HUMAN,B4DDQ2_HUMAN,PGS1_HUMAN,Q53FI4_HUMAN",20180601_SherrattM_MO_27.raw (Full_Skin_27),IQAIELEDLLR,22,0,1,0,0
"A6NLG9_HUMAN,A8K7E0_HUMAN,B4DDQ2_HUMAN,PGS1_HUMAN,Q53FI4_HUMAN",20180601_SherrattM_MO_27.raw (Full_Skin_27),LGLGHNQIR,22,0,1,1,0
"A6NLG9_HUMAN,A8K7E0_HUMAN,B4DDQ2_HUMAN,PGS1_HUMAN,Q53FI4_HUMAN",20180601_SherrattM_MO_27.raw (Full_Skin_27),NHLVEIPPNLPSSLVELR,22,0,1,7,0
"A6NLG9_HUMAN,A8K7E0_HUMAN,B4DDQ2_HUMAN,PGS1_HUMAN,Q53FI4_HUMAN",20180601_SherrattM_MO_27.raw (Full_Skin_27),NMNCIEMGGNPLENSGFEPGAFDGLK,22,0,0,1,0
"A6NLG9_HUMAN,A8K7E0_HUMAN,B4DDQ2_HUMAN,PGS1_HUMAN,Q53FI4_HUMAN",20180601_SherrattM_MO_27.raw (Full_Skin_27),SVPKEISPDTTLLDLQNNDISELR,22,0,0,1,0
"A6NLG9_HUMAN,A8K7E0_HUMAN,B4DDQ2_HUMAN,PGS1_HUMAN,Q53FI4_HUMAN",20180601_SherrattM_MO_27.raw (Full_Skin_27),VGVNDFCPMGFGVK,22,0,2,0,0
"A6NLG9_HUMAN,A8K7E0_HUMAN,B4DDQ2_HUMAN,PGS1_HUMAN,Q53FI4_HUMAN",20180601_SherrattM_MO_27.raw (Full_Skin_27),VVQCSDLGLK,22,0,2,0,0
LEG7_HUMAN,20180601_SherrattM_MO_27.raw (Full_Skin_27),AVVGDAQYHHFR,66,0,1,1,1
LEG7_HUMAN,20180601_SherrattM_MO_27.raw (Full_Skin_27),FHVNLLCGEEQGSDAALHFNPR,66,0,0,5,6
LEG7_HUMAN,20180601_SherrattM_MO_27.raw (Full_Skin_27),GLVPPNASR,66,0,15,0,0
LEG7_HUMAN,20180601_SherrattM_MO_27.raw (Full_Skin_27),GPGVPFQR,66,0,1,0,0
LEG7_HUMAN,20180601_SherrattM_MO_27.raw (Full_Skin_27),GQPFEVLIIASDDGFK,66,0,4,1,0
LEG7_HUMAN,20180601_SherrattM_MO_27.raw (Full_Skin_27),LDTSEVVFNSK,66,0,6,0,0
LEG7_HUMAN,20180601_SherrattM_MO_27.raw (Full_Skin_27),LVEVGGDVQLDSVR,66,0,24,0,0
LEG7_HUMAN,20180601_SherrattM_MO_27.raw (Full_Skin_27),SSLPEGIRPGTVLR,66,0,1,0,0
FBLN1_HUMAN,20180601_SherrattM_MO_16.raw (Full_Skin_16),AITPPHPASQANIIFDITEGNLR,42,0,0,1,0
FBLN1_HUMAN,20180601_SherrattM_MO_16.raw (Full_Skin_16),CLAFECPENYR,42,0,3,0,0
FBLN1_HUMAN,20180601_SherrattM_MO_16.raw (Full_Skin_16),CVDVDECAPPAEPCGK,42,0,5,0,0
FBLN1_HUMAN,20180601_SherrattM_MO_16.raw (Full_Skin_16),CVNSPGSFR,42,0,1,0,0
FBLN1_HUMAN,20180601_SherrattM_MO_16.raw (Full_Skin_16),DCSLPYATESK,42,0,3,0,0
FBLN1_HUMAN,20180601_SherrattM_MO_16.raw (Full_Skin_16),DSFDIIKR,42,0,1,0,0
FBLN1_HUMAN,20180601_SherrattM_MO_16.raw (Full_Skin_16),EFTRPEEIIFLR,42,0,2,2,0
FBLN1_HUMAN,20180601_SherrattM_MO_16.raw (Full_Skin_16),GYHLNEEGTR,42,0,1,1,0
FBLN1_HUMAN,20180601_SherrattM_MO_16.raw (Full_Skin_16),GYQLSDVDGVTCEDIDECALPTGGHICSYR,42,0,0,1,0
FBLN1_HUMAN,20180601_SherrattM_MO_16.raw (Full_Skin_16),MCVDVNECQR,42,0,2,0,0
FBLN1_HUMAN,20180601_SherrattM_MO_16.raw (Full_Skin_16),MVQEQCCHSQLEELHCATGISLANEQDR,42,0,0,0,2
FBLN1_HUMAN,20180601_SherrattM_MO_16.raw (Full_Skin_16),RGYQLSDVDGVTCEDIDECALPTGGHICSYR,42,0,0,1,1
FBLN1_HUMAN,20180601_SherrattM_MO_16.raw (Full_Skin_16),SAATLQQEK,42,0,1,0,0
FBLN1_HUMAN,20180601_SherrattM_MO_16.raw (Full_Skin_16),SCRPNDVTCVFDPVHTISHTVISLPTFR,42,0,0,0,1
FBLN1_HUMAN,20180601_SherrattM_MO_16.raw (Full_Skin_16),SQETGDLDVGGLQETDKIIEVEEEQEDPYLNDR,42,0,0,1,0
FBLN1_HUMAN,20180601_SherrattM_MO_16.raw (Full_Skin_16),SQETGDLDVGGLQETDKIIEVEEEQEDPYLNDRCR,42,0,0,0,1
FBLN1_HUMAN,20180601_SherrattM_MO_16.raw (Full_Skin_16),TGYYFDGISR,42,0,6,0,0
FBLN1_HUMAN,20180601_SherrattM_MO_16.raw (Full_Skin_16),YMDGMTVGVVR,42,0,4,0,0
"A6NLG9_HUMAN,A8K7E0_HUMAN,B4DDQ2_HUMAN,PGS1_HUMAN,Q53FI4_HUMAN",20180601_SherrattM_MO_16.raw (Full_Skin_16),DLPETLNELHLDHNK,10,0,0,1,0
"A6NLG9_HUMAN,A8K7E0_HUMAN,B4DDQ2_HUMAN,PGS1_HUMAN,Q53FI4_HUMAN",20180601_SherrattM_MO_16.raw (Full_Skin_16),DLPETLNELHLDHNKIQAIELEDLLR,10,0,0,1,1
"A6NLG9_HUMAN,A8K7E0_HUMAN,B4DDQ2_HUMAN,PGS1_HUMAN,Q53FI4_HUMAN",20180601_SherrattM_MO_16.raw (Full_Skin_16),EISPDTTLLDLQNNDISELR,10,0,1,0,0
"A6NLG9_HUMAN,A8K7E0_HUMAN,B4DDQ2_HUMAN,PGS1_HUMAN,Q53FI4_HUMAN",20180601_SherrattM_MO_16.raw (Full_Skin_16),IQAIELEDLLR,10,0,1,0,0
"A6NLG9_HUMAN,A8K7E0_HUMAN,B4DDQ2_HUMAN,PGS1_HUMAN,Q53FI4_HUMAN",20180601_SherrattM_MO_16.raw (Full_Skin_16),LGLGHNQIR,10,0,1,0,0
"A6NLG9_HUMAN,A8K7E0_HUMAN,B4DDQ2_HUMAN,PGS1_HUMAN,Q53FI4_HUMAN",20180601_SherrattM_MO_16.raw (Full_Skin_16),NHLVEIPPNLPSSLVELR,10,0,0,2,0
"A6NLG9_HUMAN,A8K7E0_HUMAN,B4DDQ2_HUMAN,PGS1_HUMAN,Q53FI4_HUMAN",20180601_SherrattM_MO_16.raw (Full_Skin_16),VGVNDFCPMGFGVK,10,0,1,0,0
"A6NLG9_HUMAN,A8K7E0_HUMAN,B4DDQ2_HUMAN,PGS1_HUMAN,Q53FI4_HUMAN",20180601_SherrattM_MO_16.raw (Full_Skin_16),VVQCSDLGLK,10,0,1,0,0
LEG7_HUMAN,20180601_SherrattM_MO_16.raw (Full_Skin_16),AVVGDAQYHHFR,47,0,1,1,1
LEG7_HUMAN,20180601_SherrattM_MO_16.raw (Full_Skin_16),FHVNLLCGEEQGSDAALHFNPR,47,0,0,3,6
LEG7_HUMAN,20180601_SherrattM_MO_16.raw (Full_Skin_16),GLVPPNASR,47,0,6,0,0
LEG7_HUMAN,20180601_SherrattM_MO_16.raw (Full_Skin_16),GQPFEVLIIASDDGFK,47,0,3,1,0
LEG7_HUMAN,20180601_SherrattM_MO_16.raw (Full_Skin_16),LDTSEVVFNSK,47,0,3,0,0
LEG7_HUMAN,20180601_SherrattM_MO_16.raw (Full_Skin_16),LDTSEVVFNSKEQGSWGREER,47,0,0,1,0
LEG7_HUMAN,20180601_SherrattM_MO_16.raw (Full_Skin_16),LVEVGGDVQLDSVR,47,0,18,0,0
LEG7_HUMAN,20180601_SherrattM_MO_16.raw (Full_Skin_16),SSLPEGIRPGTVLR,47,0,2,1,0
LEG7_HUMAN,20180601_SherrattM_MO_18.raw (Full_Skin_18),AVVGDAQYHHFR,83,0,1,1,1
LEG7_HUMAN,20180601_SherrattM_MO_18.raw (Full_Skin_18),FHVNLLCGEEQGSDAALHFNPR,83,0,1,11,13
LEG7_HUMAN,20180601_SherrattM_MO_18.raw (Full_Skin_18),GLVPPNASR,83,0,13,0,0
LEG7_HUMAN,20180601_SherrattM_MO_18.raw (Full_Skin_18),GQPFEVLIIASDDGFK,83,0,2,1,0
LEG7_HUMAN,20180601_SherrattM_MO_18.raw (Full_Skin_18),LDTSEVVFNSK,83,0,5,0,0
LEG7_HUMAN,20180601_SherrattM_MO_18.raw (Full_Skin_18),LDTSEVVFNSKEQGSWGREER,83,0,0,1,0
LEG7_HUMAN,20180601_SherrattM_MO_18.raw (Full_Skin_18),LVEVGGDVQLDSVR,83,0,30,0,0
LEG7_HUMAN,20180601_SherrattM_MO_18.raw (Full_Skin_18),SSLPEGIRPGTVLR,83,0,1,2,0
"A6NLG9_HUMAN,A8K7E0_HUMAN,B4DDQ2_HUMAN,PGS1_HUMAN,Q53FI4_HUMAN",20180601_SherrattM_MO_18.raw (Full_Skin_18),DLPETLNELHLDHNK,10,0,0,1,0
"A6NLG9_HUMAN,A8K7E0_HUMAN,B4DDQ2_HUMAN,PGS1_HUMAN,Q53FI4_HUMAN",20180601_SherrattM_MO_18.raw (Full_Skin_18),IQAIELEDLLR,10,0,1,0,0
"A6NLG9_HUMAN,A8K7E0_HUMAN,B4DDQ2_HUMAN,PGS1_HUMAN,Q53FI4_HUMAN",20180601_SherrattM_MO_18.raw (Full_Skin_18),LGLGHNQIR,10,0,1,1,0
"A6NLG9_HUMAN,A8K7E0_HUMAN,B4DDQ2_HUMAN,PGS1_HUMAN,Q53FI4_HUMAN",20180601_SherrattM_MO_18.raw (Full_Skin_18),NHLVEIPPNLPSSLVELR,10,0,0,2,0
"A6NLG9_HUMAN,A8K7E0_HUMAN,B4DDQ2_HUMAN,PGS1_HUMAN,Q53FI4_HUMAN",20180601_SherrattM_MO_18.raw (Full_Skin_18),NMNCIEMGGNPLENSGFEPGAFDGLK,10,0,0,1,0
"A6NLG9_HUMAN,A8K7E0_HUMAN,B4DDQ2_HUMAN,PGS1_HUMAN,Q53FI4_HUMAN",20180601_SherrattM_MO_18.raw (Full_Skin_18),SVPKEISPDTTLLDLQNNDISELRK,10,0,0,0,1
"A6NLG9_HUMAN,A8K7E0_HUMAN,B4DDQ2_HUMAN,PGS1_HUMAN,Q53FI4_HUMAN",20180601_SherrattM_MO_18.raw (Full_Skin_18),VGVNDFCPMGFGVK,10,0,1,0,0
"A6NLG9_HUMAN,A8K7E0_HUMAN,B4DDQ2_HUMAN,PGS1_HUMAN,Q53FI4_HUMAN",20180601_SherrattM_MO_18.raw (Full_Skin_18),VVQCSDLGLK,10,0,1,0,0
FBLN1_HUMAN,20180601_SherrattM_MO_18.raw (Full_Skin_18),AITPPHPASQANIIFDITEGNLR,10,0,0,1,0
FBLN1_HUMAN,20180601_SherrattM_MO_18.raw (Full_Skin_18),CLAFECPENYR,10,0,1,0,0
FBLN1_HUMAN,20180601_SherrattM_MO_18.raw (Full_Skin_18),DCSLPYATESK,10,0,1,0,0
FBLN1_HUMAN,20180601_SherrattM_MO_18.raw (Full_Skin_18),EFTRPEEIIFLR,10,0,0,1,0
FBLN1_HUMAN,20180601_SherrattM_MO_18.raw (Full_Skin_18),GYHLNEEGTR,10,0,1,0,0
FBLN1_HUMAN,20180601_SherrattM_MO_18.raw (Full_Skin_18),GYQLSDVDGVTCEDIDECALPTGGHICSYR,10,0,0,1,0
FBLN1_HUMAN,20180601_SherrattM_MO_18.raw (Full_Skin_18),MCVDVNECQR,10,0,1,0,0
FBLN1_HUMAN,20180601_SherrattM_MO_18.raw (Full_Skin_18),RGYQLSDVDGVTCEDIDECALPTGGHICSYR,10,0,0,0,1
FBLN1_HUMAN,20180601_SherrattM_MO_18.raw (Full_Skin_18),TGYYFDGISR,10,0,2,0,0
LEG7_HUMAN,20180601_SherrattM_MO_20.raw (Full_Skin_20),AVVGDAQYHHFR,74,0,1,1,1
LEG7_HUMAN,20180601_SherrattM_MO_20.raw (Full_Skin_20),FHVNLLCGEEQGSDAALHFNPR,74,0,0,9,13
LEG7_HUMAN,20180601_SherrattM_MO_20.raw (Full_Skin_20),GLVPPNASR,74,0,10,0,0
LEG7_HUMAN,20180601_SherrattM_MO_20.raw (Full_Skin_20),GQPFEVLIIASDDGFK,74,0,2,1,0
LEG7_HUMAN,20180601_SherrattM_MO_20.raw (Full_Skin_20),LDTSEVVFNSK,74,0,6,0,0
LEG7_HUMAN,20180601_SherrattM_MO_20.raw (Full_Skin_20),LVEVGGDVQLDSVR,74,0,27,0,0
LEG7_HUMAN,20180601_SherrattM_MO_20.raw (Full_Skin_20),SSLPEGIRPGTVLR,74,0,1,2,0
"A6NLG9_HUMAN,A8K7E0_HUMAN,B4DDQ2_HUMAN,PGS1_HUMAN,Q53FI4_HUMAN",20180601_SherrattM_MO_20.raw (Full_Skin_20),DLPETLNELHLDHNK,10,0,0,1,0
"A6NLG9_HUMAN,A8K7E0_HUMAN,B4DDQ2_HUMAN,PGS1_HUMAN,Q53FI4_HUMAN",20180601_SherrattM_MO_20.raw (Full_Skin_20),DLPETLNELHLDHNKIQAIELEDLLR,10,0,0,0,0
"A6NLG9_HUMAN,A8K7E0_HUMAN,B4DDQ2_HUMAN,PGS1_HUMAN,Q53FI4_HUMAN",20180601_SherrattM_MO_20.raw (Full_Skin_20),IQAIELEDLLR,10,0,1,0,0
"A6NLG9_HUMAN,A8K7E0_HUMAN,B4DDQ2_HUMAN,PGS1_HUMAN,Q53FI4_HUMAN",20180601_SherrattM_MO_20.raw (Full_Skin_20),LGLGHNQIR,10,0,1,1,0
"A6NLG9_HUMAN,A8K7E0_HUMAN,B4DDQ2_HUMAN,PGS1_HUMAN,Q53FI4_HUMAN",20180601_SherrattM_MO_20.raw (Full_Skin_20),NHLVEIPPNLPSSLVELR,10,0,0,2,0
"A6NLG9_HUMAN,A8K7E0_HUMAN,B4DDQ2_HUMAN,PGS1_HUMAN,Q53FI4_HUMAN",20180601_SherrattM_MO_20.raw (Full_Skin_20),VGVNDFCPMGFGVK,10,0,2,0,0
"A6NLG9_HUMAN,A8K7E0_HUMAN,B4DDQ2_HUMAN,PGS1_HUMAN,Q53FI4_HUMAN",20180601_SherrattM_MO_20.raw (Full_Skin_20),VVQCSDLGLK,10,0,1,0,0
FBLN1_HUMAN,20180601_SherrattM_MO_20.raw (Full_Skin_20),CLAFECPENYR,11,0,1,0,0
FBLN1_HUMAN,20180601_SherrattM_MO_20.raw (Full_Skin_20),DCSLPYATESK,11,0,1,0,0
FBLN1_HUMAN,20180601_SherrattM_MO_20.raw (Full_Skin_20),EFTRPEEIIFLR,11,0,1,2,0
FBLN1_HUMAN,20180601_SherrattM_MO_20.raw (Full_Skin_20),GYHLNEEGTR,11,0,1,0,0
FBLN1_HUMAN,20180601_SherrattM_MO_20.raw (Full_Skin_20),MCVDVNECQR,11,0,1,0,0
FBLN1_HUMAN,20180601_SherrattM_MO_20.raw (Full_Skin_20),RGYQLSDVDGVTCEDIDECALPTGGHICSYR,11,0,0,0,1
FBLN1_HUMAN,20180601_SherrattM_MO_20.raw (Full_Skin_20),TGYYFDGISR,11,0,3,0,0
LEG7_HUMAN,20180601_SherrattM_MO_22.raw (Full_Skin_22),AVVGDAQYHHFR,71,0,1,1,1
LEG7_HUMAN,20180601_SherrattM_MO_22.raw (Full_Skin_22),FHVNLLCGEEQGSDAALHFNPR,71,0,0,8,11
LEG7_HUMAN,20180601_SherrattM_MO_22.raw (Full_Skin_22),GLVPPNASR,71,0,9,0,0
LEG7_HUMAN,20180601_SherrattM_MO_22.raw (Full_Skin_22),GQPFEVLIIASDDGFK,71,0,2,1,0
LEG7_HUMAN,20180601_SherrattM_MO_22.raw (Full_Skin_22),LDTSEVVFNSK,71,0,5,0,0
LEG7_HUMAN,20180601_SherrattM_MO_22.raw (Full_Skin_22),LDTSEVVFNSKEQGSWGREER,71,0,0,1,0
LEG7_HUMAN,20180601_SherrattM_MO_22.raw (Full_Skin_22),LVEVGGDVQLDSVR,71,0,28,0,0
LEG7_HUMAN,20180601_SherrattM_MO_22.raw (Full_Skin_22),SSLPEGIRPGTVLR,71,0,2,1,0
FBLN1_HUMAN,20180601_SherrattM_MO_22.raw (Full_Skin_22),CLAFECPENYR,27,0,3,0,0
FBLN1_HUMAN,20180601_SherrattM_MO_22.raw (Full_Skin_22),CVDVDECAPPAEPCGK,27,0,3,0,0
FBLN1_HUMAN,20180601_SherrattM_MO_22.raw (Full_Skin_22),CVNSPGSFR,27,0,1,0,0
FBLN1_HUMAN,20180601_SherrattM_MO_22.raw (Full_Skin_22),DCSLPYATESK,27,0,3,0,0
FBLN1_HUMAN,20180601_SherrattM_MO_22.raw (Full_Skin_22),EFTRPEEIIFLR,27,0,2,2,0
FBLN1_HUMAN,20180601_SherrattM_MO_22.raw (Full_Skin_22),GYHLNEEGTR,27,0,1,1,0
FBLN1_HUMAN,20180601_SherrattM_MO_22.raw (Full_Skin_22),GYQLSDVDGVTCEDIDECALPTGGHICSYR,27,0,0,1,0
FBLN1_HUMAN,20180601_SherrattM_MO_22.raw (Full_Skin_22),MCVDVNECQR,27,0,2,0,0
FBLN1_HUMAN,20180601_SherrattM_MO_22.raw (Full_Skin_22),RGYQLSDVDGVTCEDIDECALPTGGHICSYR,27,0,0,0,1
FBLN1_HUMAN,20180601_SherrattM_MO_22.raw (Full_Skin_22),SAATLQQEK,27,0,1,0,0
FBLN1_HUMAN,20180601_SherrattM_MO_22.raw (Full_Skin_22),SCRPNDVTCVFDPVHTISHTVISLPTFR,27,0,0,1,0
FBLN1_HUMAN,20180601_SherrattM_MO_22.raw (Full_Skin_22),SQETGDLDVGGLQETDKIIEVEEEQEDPYLNDRCR,27,0,0,0,1
FBLN1_HUMAN,20180601_SherrattM_MO_22.raw (Full_Skin_22),TGYYFDGISR,27,0,3,0,0
FBLN1_HUMAN,20180601_SherrattM_MO_22.raw (Full_Skin_22),YMDGMTVGVVR,27,0,1,0,0
"A6NLG9_HUMAN,A8K7E0_HUMAN,B4DDQ2_HUMAN,PGS1_HUMAN,Q53FI4_HUMAN",20180601_SherrattM_MO_22.raw (Full_Skin_22),EISPDTTLLDLQNNDISELRK,7,0,0,1,0
"A6NLG9_HUMAN,A8K7E0_HUMAN,B4DDQ2_HUMAN,PGS1_HUMAN,Q53FI4_HUMAN",20180601_SherrattM_MO_22.raw (Full_Skin_22),IQAIELEDLLR,7,0,1,0,0
"A6NLG9_HUMAN,A8K7E0_HUMAN,B4DDQ2_HUMAN,PGS1_HUMAN,Q53FI4_HUMAN",20180601_SherrattM_MO_22.raw (Full_Skin_22),LGLGHNQIR,7,0,1,0,0
"A6NLG9_HUMAN,A8K7E0_HUMAN,B4DDQ2_HUMAN,PGS1_HUMAN,Q53FI4_HUMAN",20180601_SherrattM_MO_22.raw (Full_Skin_22),NHLVEIPPNLPSSLVELR,7,0,0,1,0
"A6NLG9_HUMAN,A8K7E0_HUMAN,B4DDQ2_HUMAN,PGS1_HUMAN,Q53FI4_HUMAN",20180601_SherrattM_MO_22.raw (Full_Skin_22),NMNCIEMGGNPLENSGFEPGAFDGLK,7,0,0,1,0
"A6NLG9_HUMAN,A8K7E0_HUMAN,B4DDQ2_HUMAN,PGS1_HUMAN,Q53FI4_HUMAN",20180601_SherrattM_MO_22.raw (Full_Skin_22),VGVNDFCPMGFGVK,7,0,1,0,0
"A6NLG9_HUMAN,A8K7E0_HUMAN,B4DDQ2_HUMAN,PGS1_HUMAN,Q53FI4_HUMAN",20180601_SherrattM_MO_22.raw (Full_Skin_22),VVQCSDLGLK,7,0,1,0,0
LEG7_HUMAN,20180601_SherrattM_MO_24.raw (Full_Skin_24),AVVGDAQYHHFR,48,0,1,1,1
LEG7_HUMAN,20180601_SherrattM_MO_24.raw (Full_Skin_24),FHVNLLCGEEQGSDAALHFNPR,48,0,0,4,3
LEG7_HUMAN,20180601_SherrattM_MO_24.raw (Full_Skin_24),GLVPPNASR,48,0,10,0,0
LEG7_HUMAN,20180601_SherrattM_MO_24.raw (Full_Skin_24),GQPFEVLIIASDDGFK,48,0,2,0,0
LEG7_HUMAN,20180601_SherrattM_MO_24.raw (Full_Skin_24),LDTSEVVFNSK,48,0,6,0,0
LEG7_HUMAN,20180601_SherrattM_MO_24.raw (Full_Skin_24),LVEVGGDVQLDSVR,48,0,19,0,0
LEG7_HUMAN,20180601_SherrattM_MO_24.raw (Full_Skin_24),SSLPEGIRPGTVLR,48,0,0,1,0
"A6NLG9_HUMAN,A8K7E0_HUMAN,B4DDQ2_HUMAN,PGS1_HUMAN,Q53FI4_HUMAN",20180601_SherrattM_MO_24.raw (Full_Skin_24),DLPETLNELHLDHNKIQAIELEDLLR,9,0,0,1,0
"A6NLG9_HUMAN,A8K7E0_HUMAN,B4DDQ2_HUMAN,PGS1_HUMAN,Q53FI4_HUMAN",20180601_SherrattM_MO_24.raw (Full_Skin_24),EISPDTTLLDLQNNDISELRK,9,0,0,1,0
"A6NLG9_HUMAN,A8K7E0_HUMAN,B4DDQ2_HUMAN,PGS1_HUMAN,Q53FI4_HUMAN",20180601_SherrattM_MO_24.raw (Full_Skin_24),IQAIELEDLLR,9,0,1,0,0
"A6NLG9_HUMAN,A8K7E0_HUMAN,B4DDQ2_HUMAN,PGS1_HUMAN,Q53FI4_HUMAN",20180601_SherrattM_MO_24.raw (Full_Skin_24),LGLGHNQIR,9,0,1,1,0
"A6NLG9_HUMAN,A8K7E0_HUMAN,B4DDQ2_HUMAN,PGS1_HUMAN,Q53FI4_HUMAN",20180601_SherrattM_MO_24.raw (Full_Skin_24),NHLVEIPPNLPSSLVELR,9,0,0,1,0
"A6NLG9_HUMAN,A8K7E0_HUMAN,B4DDQ2_HUMAN,PGS1_HUMAN,Q53FI4_HUMAN",20180601_SherrattM_MO_24.raw (Full_Skin_24),VGVNDFCPMGFGVK,9,0,2,0,0
"A6NLG9_HUMAN,A8K7E0_HUMAN,B4DDQ2_HUMAN,PGS1_HUMAN,Q53FI4_HUMAN",20180601_SherrattM_MO_24.raw (Full_Skin_24),VVQCSDLGLK,9,0,1,0,0
FBLN1_HUMAN,20180601_SherrattM_MO_24.raw (Full_Skin_24),AITPPHPASQANIIFDITEGNLR,14,0,0,1,0
FBLN1_HUMAN,20180601_SherrattM_MO_24.raw (Full_Skin_24),CLAFECPENYR,14,0,2,0,0
FBLN1_HUMAN,20180601_SherrattM_MO_24.raw (Full_Skin_24),CVDVDECAPPAEPCGK,14,0,2,0,0
FBLN1_HUMAN,20180601_SherrattM_MO_24.raw (Full_Skin_24),CVNSPGSFR,14,0,1,0,0
FBLN1_HUMAN,20180601_SherrattM_MO_24.raw (Full_Skin_24),DCSLPYATESK,14,0,2,0,0
FBLN1_HUMAN,20180601_SherrattM_MO_24.raw (Full_Skin_24),EFTRPEEIIFLR,14,0,0,1,0
FBLN1_HUMAN,20180601_SherrattM_MO_24.raw (Full_Skin_24),GYHLNEEGTR,14,0,1,0,0
FBLN1_HUMAN,20180601_SherrattM_MO_24.raw (Full_Skin_24),MCVDVNECQR,14,0,1,0,0
FBLN1_HUMAN,20180601_SherrattM_MO_24.raw (Full_Skin_24),MVQEQCCHSQLEELHCATGISLANEQDR,14,0,0,0,1
FBLN1_HUMAN,20180601_SherrattM_MO_24.raw (Full_Skin_24),RGYQLSDVDGVTCEDIDECALPTGGHICSYR,14,0,0,1,0
FBLN1_HUMAN,20180601_SherrattM_MO_24.raw (Full_Skin_24),TGYYFDGISR,14,0,1,0,0
LEG7_HUMAN,20180601_SherrattM_MO_26.raw (Full_Skin_26),AVVGDAQYHHFR,39,0,1,1,0
LEG7_HUMAN,20180601_SherrattM_MO_26.raw (Full_Skin_26),FHVNLLCGEEQGSDAALHFNPR,39,0,0,4,5
LEG7_HUMAN,20180601_SherrattM_MO_26.raw (Full_Skin_26),GLVPPNASR,39,0,7,0,0
LEG7_HUMAN,20180601_SherrattM_MO_26.raw (Full_Skin_26),GQPFEVLIIASDDGFK,39,0,2,1,0
LEG7_HUMAN,20180601_SherrattM_MO_26.raw (Full_Skin_26),LDTSEVVFNSK,39,0,3,0,0
LEG7_HUMAN,20180601_SherrattM_MO_26.raw (Full_Skin_26),LVEVGGDVQLDSVR,39,0,14,0,0
LEG7_HUMAN,20180601_SherrattM_MO_26.raw (Full_Skin_26),SSLPEGIRPGTVLR,39,0,1,0,0
FBLN1_HUMAN,20180601_SherrattM_MO_26.raw (Full_Skin_26),CLAFECPENYR,29,0,2,0,0
FBLN1_HUMAN,20180601_SherrattM_MO_26.raw (Full_Skin_26),CVDVDECAPPAEPCGK,29,0,4,0,0
FBLN1_HUMAN,20180601_SherrattM_MO_26.raw (Full_Skin_26),CVNSPGSFR,29,0,1,0,0
FBLN1_HUMAN,20180601_SherrattM_MO_26.raw (Full_Skin_26),DCSLPYATESK,29,0,3,0,0
FBLN1_HUMAN,20180601_SherrattM_MO_26.raw (Full_Skin_26),DSSCGTGYELTEDNSCKDIDECESGIHNCLPDFICQNTLGSFR,29,0,0,0,1
FBLN1_HUMAN,20180601_SherrattM_MO_26.raw (Full_Skin_26),EFTRPEEIIFLR,29,0,2,2,0
FBLN1_HUMAN,20180601_SherrattM_MO_26.raw (Full_Skin_26),GYHLNEEGTR,29,0,1,1,0
FBLN1_HUMAN,20180601_SherrattM_MO_26.raw (Full_Skin_26),GYQLSDVDGVTCEDIDECALPTGGHICSYR,29,0,0,1,0
FBLN1_HUMAN,20180601_SherrattM_MO_26.raw (Full_Skin_26),MCVDVNECQR,29,0,2,0,0
FBLN1_HUMAN,20180601_SherrattM_MO_26.raw (Full_Skin_26),MVQEQCCHSQLEELHCATGISLANEQDR,29,0,0,1,1
FBLN1_HUMAN,20180601_SherrattM_MO_26.raw (Full_Skin_26),SAATLQQEK,29,0,1,0,0
FBLN1_HUMAN,20180601_SherrattM_MO_26.raw (Full_Skin_26),SCRPNDVTCVFDPVHTISHTVISLPTFR,29,0,0,0,1
FBLN1_HUMAN,20180601_SherrattM_MO_26.raw (Full_Skin_26),TGYYFDGISR,29,0,4,0,0
FBLN1_HUMAN,20180601_SherrattM_MO_26.raw (Full_Skin_26),YMDGMTVGVVR,29,0,1,0,0
"A6NLG9_HUMAN,A8K7E0_HUMAN,B4DDQ2_HUMAN,PGS1_HUMAN,Q53FI4_HUMAN",20180601_SherrattM_MO_26.raw (Full_Skin_26),DLPETLNELHLDHNK,12,0,0,2,0
"A6NLG9_HUMAN,A8K7E0_HUMAN,B4DDQ2_HUMAN,PGS1_HUMAN,Q53FI4_HUMAN",20180601_SherrattM_MO_26.raw (Full_Skin_26),EISPDTTLLDLQNNDISELR,12,0,1,1,0
"A6NLG9_HUMAN,A8K7E0_HUMAN,B4DDQ2_HUMAN,PGS1_HUMAN,Q53FI4_HUMAN",20180601_SherrattM_MO_26.raw (Full_Skin_26),EISPDTTLLDLQNNDISELRK,12,0,0,1,0
"A6NLG9_HUMAN,A8K7E0_HUMAN,B4DDQ2_HUMAN,PGS1_HUMAN,Q53FI4_HUMAN",20180601_SherrattM_MO_26.raw (Full_Skin_26),IQAIELEDLLR,12,0,1,0,0
"A6NLG9_HUMAN,A8K7E0_HUMAN,B4DDQ2_HUMAN,PGS1_HUMAN,Q53FI4_HUMAN",20180601_SherrattM_MO_26.raw (Full_Skin_26),LGLGHNQIR,12,0,1,1,0
"A6NLG9_HUMAN,A8K7E0_HUMAN,B4DDQ2_HUMAN,PGS1_HUMAN,Q53FI4_HUMAN",20180601_SherrattM_MO_26.raw (Full_Skin_26),NHLVEIPPNLPSSLVELR,12,0,0,1,0
"A6NLG9_HUMAN,A8K7E0_HUMAN,B4DDQ2_HUMAN,PGS1_HUMAN,Q53FI4_HUMAN",20180601_SherrattM_MO_26.raw (Full_Skin_26),VGVNDFCPMGFGVK,12,0,2,0,0
"A6NLG9_HUMAN,A8K7E0_HUMAN,B4DDQ2_HUMAN,PGS1_HUMAN,Q53FI4_HUMAN",20180601_SherrattM_MO_26.raw (Full_Skin_26),VVQCSDLGLK,12,0,1,0,0
"A6NLG9_HUMAN,A8K7E0_HUMAN,B4DDQ2_HUMAN,PGS1_HUMAN,Q53FI4_HUMAN",20180601_SherrattM_MO_28.raw (Full_Skin_28),DLPETLNELHLDHNK,10,0,0,1,0
"A6NLG9_HUMAN,A8K7E0_HUMAN,B4DDQ2_HUMAN,PGS1_HUMAN,Q53FI4_HUMAN",20180601_SherrattM_MO_28.raw (Full_Skin_28),EISPDTTLLDLQNNDISELR,10,0,0,1,0
"A6NLG9_HUMAN,A8K7E0_HUMAN,B4DDQ2_HUMAN,PGS1_HUMAN,Q53FI4_HUMAN",20180601_SherrattM_MO_28.raw (Full_Skin_28),EISPDTTLLDLQNNDISELRK,10,0,0,1,0
"A6NLG9_HUMAN,A8K7E0_HUMAN,B4DDQ2_HUMAN,PGS1_HUMAN,Q53FI4_HUMAN",20180601_SherrattM_MO_28.raw (Full_Skin_28),IQAIELEDLLR,10,0,1,0,0
"A6NLG9_HUMAN,A8K7E0_HUMAN,B4DDQ2_HUMAN,PGS1_HUMAN,Q53FI4_HUMAN",20180601_SherrattM_MO_28.raw (Full_Skin_28),LGLGHNQIR,10,0,1,1,0
"A6NLG9_HUMAN,A8K7E0_HUMAN,B4DDQ2_HUMAN,PGS1_HUMAN,Q53FI4_HUMAN",20180601_SherrattM_MO_28.raw (Full_Skin_28),NHLVEIPPNLPSSLVELR,10,0,0,3,0
"A6NLG9_HUMAN,A8K7E0_HUMAN,B4DDQ2_HUMAN,PGS1_HUMAN,Q53FI4_HUMAN",20180601_SherrattM_MO_28.raw (Full_Skin_28),SVPKEISPDTTLLDLQNNDISELR,10,0,0,1,0
FBLN1_HUMAN,20180601_SherrattM_MO_28.raw (Full_Skin_28),AITPPHPASQANIIFDITEGNLR,6,0,0,1,0
FBLN1_HUMAN,20180601_SherrattM_MO_28.raw (Full_Skin_28),EFTRPEEIIFLR,6,0,0,2,0
FBLN1_HUMAN,20180601_SherrattM_MO_28.raw (Full_Skin_28),GYHLNEEGTR,6,0,1,0,0
FBLN1_HUMAN,20180601_SherrattM_MO_28.raw (Full_Skin_28),TGYYFDGISR,6,0,2,0,0
LEG7_HUMAN,20180601_SherrattM_MO_28.raw (Full_Skin_28),AVVGDAQYHHFR,60,0,1,0,1
LEG7_HUMAN,20180601_SherrattM_MO_28.raw (Full_Skin_28),FHVNLLCGEEQGSDAALHFNPR,60,0,0,1,2
LEG7_HUMAN,20180601_SherrattM_MO_28.raw (Full_Skin_28),GLVPPNASR,60,0,14,0,0
LEG7_HUMAN,20180601_SherrattM_MO_28.raw (Full_Skin_28),GPGVPFQR,60,0,1,0,0
LEG7_HUMAN,20180601_SherrattM_MO_28.raw (Full_Skin_28),GQPFEVLIIASDDGFK,60,0,4,1,0
LEG7_HUMAN,20180601_SherrattM_MO_28.raw (Full_Skin_28),LDTSEVVFNSK,60,0,4,0,0
LEG7_HUMAN,20180601_SherrattM_MO_28.raw (Full_Skin_28),LVEVGGDVQLDSVR,60,0,27,0,0
LEG7_HUMAN,20180601_SherrattM_MO_28.raw (Full_Skin_28),SSLPEGIRPGTVLR,60,0,2,2,0
